"id","site","lab_id","name","result","units","month","day","year","created_at","updated_at","site_name","collection_date"
1261,1,"180518-6","Phosphorus","0","mg/L",5,18,2018,"2018-07-11 13:02:25.52139","2018-07-13 17:17:14.39862","Gerrish Township Marina","2018-05-18"
1265,1,"180518-6","Beach Plate Count; e-coli","<1","colonies/100mL",5,18,2018,"2018-07-11 13:02:25.859565","2018-07-13 17:17:14.402571","Gerrish Township Marina","2018-05-18"
1396,1,"180615-2","Beach Plate Count; MPN","206","colonies/100mL",6,15,2018,"2018-07-11 13:02:39.146054","2018-07-13 17:17:14.408467","Gerrish Township Marina","2018-06-15"
1274,2,"180518-5","Nitrogen (Nitrite)","0.006","mg/L",5,18,2018,"2018-07-11 13:02:25.878693","2018-07-13 17:18:29.65129","South State Park","2018-05-18"
1281,2,"180518-5","Air Temperature","21.1","degrees Centigrade",5,18,2018,"2018-07-11 13:02:25.896721","2018-07-13 17:18:29.669116","South State Park","2018-05-18"
1404,2,"180615-3","Phosphorus","0.11","mg/L",6,15,2018,"2018-07-11 13:02:39.180039","2018-07-13 17:18:29.671943","South State Park","2018-06-15"
1410,2,"180615-3","Dissolved Oxygen","5.1","mg/L",6,15,2018,"2018-07-11 13:02:39.194576","2018-07-13 17:18:29.674159","South State Park","2018-06-15"
1290,3,"180518-7","Total Dissolved Solids","0.0166","percent",5,18,2018,"2018-07-11 13:02:26.00542","2018-07-13 17:19:09.303126","Cut River","2018-05-18"
1416,3,"180615-4","Nitrogen (Nitrate)","0.01","mg/L",6,15,2018,"2018-07-11 13:02:39.208646","2018-07-13 17:19:09.308231","Cut River","2018-06-15"
1422,3,"180615-4","Total Dissolved Solids","0.012","percent",6,15,2018,"2018-07-11 13:02:39.227287","2018-07-13 17:19:09.321691","Cut River","2018-06-15"
1297,4,"180517-2","Beach Plate Count; MPN","356","colonies/100mL",5,17,2018,"2018-07-11 13:02:26.200456","2018-07-13 17:19:44.715782","Sam-O-Set","2018-05-17"
1429,4,"180614-4","Beach Plate Count; MPN","68.3","colonies/100mL",6,14,2018,"2018-07-11 13:02:39.271254","2018-07-13 17:19:44.71905","Sam-O-Set","2018-06-14"
1430,4,"180614-4","Beach Plate Count; e-coli","1","colonies/100mL",6,14,2018,"2018-07-11 13:02:39.273297","2018-07-13 17:19:44.721663","Sam-O-Set","2018-06-14"
1307,5,"180517-4","Nitrogen (Nitrite)","0.007","mg/L",5,17,2018,"2018-07-11 13:02:26.513945","2018-07-13 17:20:03.100658","DNR boat launch","2018-05-17"
1313,5,"180517-4","Water Temperature","19.5","degrees Centigrade",5,17,2018,"2018-07-11 13:02:26.616978","2018-07-13 17:20:03.104674","DNR boat launch","2018-05-17"
1438,5,"180614-6","Nitrogen (Nitrate)","0.068","mg/L",6,14,2018,"2018-07-11 13:02:39.293634","2018-07-13 17:20:03.114503","DNR boat launch","2018-06-14"
1444,5,"180614-6","Total Dissolved Solids","0.005","percent",6,14,2018,"2018-07-11 13:02:39.306471","2018-07-13 17:20:03.116822","DNR boat launch","2018-06-14"
1323,6,"180517-3","Total Dissolved Solids","0.005","percent",5,17,2018,"2018-07-11 13:02:27.124247","2018-07-13 17:20:21.40723","Gold Coast","2018-05-17"
1450,6,"180614-5","Nitrogen (Nitrite)","0.006","mg/L",6,14,2018,"2018-07-11 13:02:39.319711","2018-07-13 17:20:21.413314","Gold Coast","2018-06-14"
1456,6,"180614-5","Water Temperature","18.2","degrees Centigrade",6,14,2018,"2018-07-11 13:02:39.337133","2018-07-13 17:20:21.424158","Gold Coast","2018-06-14"
1330,7,"180518-3","Beach Plate Count; MPN","148","colonies/100mL",5,18,2018,"2018-07-11 13:02:27.558234","2018-07-13 17:20:36.134304","North State Park","2018-05-18"
1463,7,"180613-1","Beach Plate Count; e-coli","2","colonies/100mL",6,13,2018,"2018-07-11 13:02:39.363579","2018-07-13 17:20:36.137482","North State Park","2018-06-13"
1471,8,"180613-2","Nitrogen (Nitrate)","0.14","mg/L",6,13,2018,"2018-07-11 13:02:39.38696","2018-07-13 17:21:17.240106","B&B Marina","2018-06-13"
1477,8,"180613-2","Total Dissolved Solids","0.004","percent",6,13,2018,"2018-07-11 13:02:39.420382","2018-07-13 17:21:17.264676","B&B Marina","2018-06-13"
1355,9,"180518-1","Dissolved Oxygen","6","mg/L",5,18,2018,"2018-07-11 13:02:28.028354","2018-07-13 17:21:34.093298","Camp Carmine","2018-05-18"
1358,9,"180518-1","Air Temperature","25","degrees Centigrade",5,18,2018,"2018-07-11 13:02:28.036582","2018-07-13 17:21:34.127955","Camp Carmine","2018-05-18"
1483,9,"180613-3","Nitrogen (Nitrite)","0.006","mg/L",6,13,2018,"2018-07-11 13:02:39.458224","2018-07-13 17:21:34.197261","Camp Carmine","2018-06-13"
1489,9,"180613-3","Water Temperature","17.2","degrees Centigrade",6,13,2018,"2018-07-11 13:02:39.652571","2018-07-13 17:21:34.199968","Camp Carmine","2018-06-13"
1364,10,"180516-8","Beach Plate Count; e-coli","<1","colonies/100mL",5,16,2018,"2018-07-11 13:02:28.202712","2018-07-13 17:21:50.672384","Treasure Island - 1","2018-05-16"
1496,10,"180614-3","Beach Plate Count; e-coli","1","colonies/100mL",6,14,2018,"2018-07-11 13:02:39.675603","2018-07-13 17:21:50.676602","Treasure Island - 1","2018-06-14"
1372,11,"180516-9","Nitrogen (Nitrate)","0","mg/L",5,16,2018,"2018-07-11 13:02:28.540013","2018-07-13 17:22:04.788616","Treasure Island - 2","2018-05-16"
1378,11,"180516-9","Total Dissolved Solids","0.015","percent",5,16,2018,"2018-07-11 13:02:28.785099","2018-07-13 17:22:04.791971","Treasure Island - 2","2018-05-16"
1536,2,"180720-3","Phosphorus","n.d.","mg/L",7,20,2018,"2018-12-23 13:39:00.65204","2018-12-23 13:39:00.65204","South State Park","2018-07-20"
1538,2,"180720-3","Nitrogen (Nitrite)","n.d.","mg/L",7,20,2018,"2018-12-23 13:39:00.656512","2018-12-23 13:39:00.656512","South State Park","2018-07-20"
1539,2,"180720-3","Beach Plate Count; MPN","436","colonies/100mL",7,20,2018,"2018-12-23 13:39:00.658808","2018-12-23 13:39:00.658808","South State Park","2018-07-20"
1540,2,"180720-3","Beach Plate Count; e-coli","8.6","colonies/100mL",7,20,2018,"2018-12-23 13:39:00.661105","2018-12-23 13:39:00.661105","South State Park","2018-07-20"
1541,2,"180720-3","pH","7.94","pH",7,20,2018,"2018-12-23 13:39:00.663949","2018-12-23 13:39:00.663949","South State Park","2018-07-20"
1542,2,"180720-3","Dissolved Oxygen","3.7","mg/L",7,20,2018,"2018-12-23 13:39:00.666406","2018-12-23 13:39:00.666406","South State Park","2018-07-20"
1543,2,"180720-3","Total Dissolved Solids","0.0028","percent",7,20,2018,"2018-12-23 13:39:00.668615","2018-12-23 13:39:00.668615","South State Park","2018-07-20"
1544,2,"180720-3","Water Temperature","22.1","degrees Centigrade",7,20,2018,"2018-12-23 13:39:00.671043","2018-12-23 13:39:00.671043","South State Park","2018-07-20"
1545,2,"180720-3","Air Temperature","19.4","degrees Centigrade",7,20,2018,"2018-12-23 13:39:00.673325","2018-12-23 13:39:00.673325","South State Park","2018-07-20"
1547,3,"180720-2","Phosphorus","n.d.","mg/L",7,20,2018,"2018-12-23 13:39:00.678226","2018-12-23 13:39:00.678226","Cut River","2018-07-20"
1549,3,"180720-2","Nitrogen (Nitrite)","0.005","mg/L",7,20,2018,"2018-12-23 13:39:00.682985","2018-12-23 13:39:00.682985","Cut River","2018-07-20"
1550,3,"180720-2","Beach Plate Count; MPN","307","colonies/100mL",7,20,2018,"2018-12-23 13:39:00.688811","2018-12-23 13:39:00.688811","Cut River","2018-07-20"
1551,3,"180720-2","Beach Plate Count; e-coli","<1","colonies/100mL",7,20,2018,"2018-12-23 13:39:00.698296","2018-12-23 13:39:00.698296","Cut River","2018-07-20"
1552,3,"180720-2","pH","7.9","pH",7,20,2018,"2018-12-23 13:39:00.700984","2018-12-23 13:39:00.700984","Cut River","2018-07-20"
1548,3,"180720-2","Nitrogen (Nitrate)","0.068","mg/L",7,20,2018,"2018-12-23 13:39:00.680597","2018-12-23 13:39:00.680597","Cut River","2018-07-20"
1537,2,"180720-3","Nitrogen (Nitrate)","0.051","mg/L",7,20,2018,"2018-12-23 13:39:00.654314","2018-12-23 13:39:00.654314","South State Park","2018-07-20"
1263,1,"180518-6","Nitrogen (Nitrite)","0.006","mg/L",5,18,2018,"2018-07-11 13:02:25.854255","2018-07-13 17:17:14.41862","Gerrish Township Marina","2018-05-18"
1264,1,"180518-6","Beach Plate Count; MPN","12.1","colonies/100mL",5,18,2018,"2018-07-11 13:02:25.85709","2018-07-13 17:17:14.421155","Gerrish Township Marina","2018-05-18"
1266,1,"180518-6","pH","7.46","pH",5,18,2018,"2018-07-11 13:02:25.862019","2018-07-13 17:17:14.426742","Gerrish Township Marina","2018-05-18"
1267,1,"180518-6","Dissolved Oxygen","5.1","mg/L",5,18,2018,"2018-07-11 13:02:25.864357","2018-07-13 17:17:14.431679","Gerrish Township Marina","2018-05-18"
1268,1,"180518-6","Total Dissolved Solids","0.0169","percent",5,18,2018,"2018-07-11 13:02:25.866483","2018-07-13 17:17:14.438281","Gerrish Township Marina","2018-05-18"
1270,1,"180518-6","Air Temperature","21.1","degrees Centigrade",5,18,2018,"2018-07-11 13:02:25.870423","2018-07-13 17:17:14.449331","Gerrish Township Marina","2018-05-18"
1271,1,"180518-6","Conductivity","278","uS/cM",5,18,2018,"2018-07-11 13:02:25.872316","2018-07-13 17:17:14.45215","Gerrish Township Marina","2018-05-18"
1272,2,"180518-5","Phosphorus","0.1","mg/L",5,18,2018,"2018-07-11 13:02:25.874597","2018-07-13 17:18:29.676443","South State Park","2018-05-18"
1273,2,"180518-5","Nitrogen (Nitrate)","0.124","mg/L",5,18,2018,"2018-07-11 13:02:25.876718","2018-07-13 17:18:29.678555","South State Park","2018-05-18"
1275,2,"180518-5","Beach Plate Count; MPN","13.4","colonies/100mL",5,18,2018,"2018-07-11 13:02:25.880791","2018-07-13 17:18:29.680563","South State Park","2018-05-18"
1276,2,"180518-5","Beach Plate Count; e-coli","<1","colonies/100mL",5,18,2018,"2018-07-11 13:02:25.883042","2018-07-13 17:18:29.682522","South State Park","2018-05-18"
1277,2,"180518-5","pH","7.68","pH",5,18,2018,"2018-07-11 13:02:25.885696","2018-07-13 17:18:29.68448","South State Park","2018-05-18"
1278,2,"180518-5","Dissolved Oxygen","4.7","mg/L",5,18,2018,"2018-07-11 13:02:25.888675","2018-07-13 17:18:29.686317","South State Park","2018-05-18"
1279,2,"180518-5","Total Dissolved Solids","0.0149","percent",5,18,2018,"2018-07-11 13:02:25.891677","2018-07-13 17:18:29.688092","South State Park","2018-05-18"
1280,2,"180518-5","Water Temperature","18.5","degrees Centigrade",5,18,2018,"2018-07-11 13:02:25.894193","2018-07-13 17:18:29.689954","South State Park","2018-05-18"
1282,2,"180518-5","Conductivity","288","uS/cM",5,18,2018,"2018-07-11 13:02:25.900509","2018-07-13 17:18:29.691916","South State Park","2018-05-18"
1283,3,"180518-7","Phosphorus","0.25","mg/L",5,18,2018,"2018-07-11 13:02:25.903076","2018-07-13 17:19:09.335885","Cut River","2018-05-18"
1284,3,"180518-7","Nitrogen (Nitrate)","0.056","mg/L",5,18,2018,"2018-07-11 13:02:25.905529","2018-07-13 17:19:09.34119","Cut River","2018-05-18"
1285,3,"180518-7","Nitrogen (Nitrite)","0.007","mg/L",5,18,2018,"2018-07-11 13:02:25.907706","2018-07-13 17:19:09.345722","Cut River","2018-05-18"
1286,3,"180518-7","Beach Plate Count; MPN","5.2","colonies/100mL",5,18,2018,"2018-07-11 13:02:25.909951","2018-07-13 17:19:09.352777","Cut River","2018-05-18"
1287,3,"180518-7","Beach Plate Count; e-coli","<1","colonies/100mL",5,18,2018,"2018-07-11 13:02:25.912112","2018-07-13 17:19:09.356316","Cut River","2018-05-18"
1288,3,"180518-7","pH","7.03","pH",5,18,2018,"2018-07-11 13:02:25.914715","2018-07-13 17:19:09.363866","Cut River","2018-05-18"
1289,3,"180518-7","Dissolved Oxygen","4.8","mg/L",5,18,2018,"2018-07-11 13:02:25.985231","2018-07-13 17:19:09.367661","Cut River","2018-05-18"
1291,3,"180518-7","Water Temperature","11.4","degrees Centigrade",5,18,2018,"2018-07-11 13:02:26.038771","2018-07-13 17:19:09.36996","Cut River","2018-05-18"
1292,3,"180518-7","Air Temperature","21.1","degrees Centigrade",5,18,2018,"2018-07-11 13:02:26.062126","2018-07-13 17:19:09.372098","Cut River","2018-05-18"
1293,3,"180518-7","Conductivity","273","uS/cM",5,18,2018,"2018-07-11 13:02:26.104737","2018-07-13 17:19:09.373962","Cut River","2018-05-18"
1294,4,"180517-2","Phosphorus","0.2","mg/L",5,17,2018,"2018-07-11 13:02:26.128133","2018-07-13 17:19:44.723951","Sam-O-Set","2018-05-17"
1295,4,"180517-2","Nitrogen (Nitrate)","0.267","mg/L",5,17,2018,"2018-07-11 13:02:26.159417","2018-07-13 17:19:44.738052","Sam-O-Set","2018-05-17"
1296,4,"180517-2","Nitrogen (Nitrite)","0.011","mg/L",5,17,2018,"2018-07-11 13:02:26.180747","2018-07-13 17:19:44.773596","Sam-O-Set","2018-05-17"
1298,4,"180517-2","Beach Plate Count; e-coli","31","colonies/100mL",5,17,2018,"2018-07-11 13:02:26.234555","2018-07-13 17:19:44.800313","Sam-O-Set","2018-05-17"
1299,4,"180517-2","pH","7.5","pH",5,17,2018,"2018-07-11 13:02:26.258548","2018-07-13 17:19:44.803485","Sam-O-Set","2018-05-17"
1300,4,"180517-2","Dissolved Oxygen","5.7","mg/L",5,17,2018,"2018-07-11 13:02:26.278692","2018-07-13 17:19:44.812864","Sam-O-Set","2018-05-17"
1301,4,"180517-2","Total Dissolved Solids","0.0047","percent",5,17,2018,"2018-07-11 13:02:26.30829","2018-07-13 17:19:44.816112","Sam-O-Set","2018-05-17"
1302,4,"180517-2","Water Temperature","17.7","degrees Centigrade",5,17,2018,"2018-07-11 13:02:26.338317","2018-07-13 17:19:44.818459","Sam-O-Set","2018-05-17"
1303,4,"180517-2","Air Temperature","26.2","degrees Centigrade",5,17,2018,"2018-07-11 13:02:26.389065","2018-07-13 17:19:44.823134","Sam-O-Set","2018-05-17"
1304,4,"180517-2","Conductivity","309","uS/cM",5,17,2018,"2018-07-11 13:02:26.431935","2018-07-13 17:19:44.827978","Sam-O-Set","2018-05-17"
1305,5,"180517-4","Phosphorus","0","mg/L",5,17,2018,"2018-07-11 13:02:26.466018","2018-07-13 17:20:03.11893","DNR boat launch","2018-05-17"
1306,5,"180517-4","Nitrogen (Nitrate)","0.126","mg/L",5,17,2018,"2018-07-11 13:02:26.490723","2018-07-13 17:20:03.126924","DNR boat launch","2018-05-17"
1308,5,"180517-4","Beach Plate Count; MPN","121","colonies/100mL",5,17,2018,"2018-07-11 13:02:26.534999","2018-07-13 17:20:03.129477","DNR boat launch","2018-05-17"
1309,5,"180517-4","Beach Plate Count; e-coli","20","colonies/100mL",5,17,2018,"2018-07-11 13:02:26.555977","2018-07-13 17:20:03.131601","DNR boat launch","2018-05-17"
1310,5,"180517-4","pH","7.91","pH",5,17,2018,"2018-07-11 13:02:26.579771","2018-07-13 17:20:03.133792","DNR boat launch","2018-05-17"
1311,5,"180517-4","Dissolved Oxygen","4.9","mg/L",5,17,2018,"2018-07-11 13:02:26.609392","2018-07-13 17:20:03.136491","DNR boat launch","2018-05-17"
1314,5,"180517-4","Air Temperature","21.2","degrees Centigrade",5,17,2018,"2018-07-11 13:02:26.619925","2018-07-13 17:20:03.144252","DNR boat launch","2018-05-17"
1315,5,"180517-4","Conductivity","297","uS/cM",5,17,2018,"2018-07-11 13:02:26.639865","2018-07-13 17:20:03.149579","DNR boat launch","2018-05-17"
1316,6,"180517-3","Phosphorus","0.3","mg/L",5,17,2018,"2018-07-11 13:02:26.663125","2018-07-13 17:20:21.427119","Gold Coast","2018-05-17"
1317,6,"180517-3","Nitrogen (Nitrate)","0.124","mg/L",5,17,2018,"2018-07-11 13:02:26.690666","2018-07-13 17:20:21.432029","Gold Coast","2018-05-17"
1318,6,"180517-3","Nitrogen (Nitrite)","0.006","mg/L",5,17,2018,"2018-07-11 13:02:26.812946","2018-07-13 17:20:21.435014","Gold Coast","2018-05-17"
1319,6,"180517-3","Beach Plate Count; MPN","914","colonies/100mL",5,17,2018,"2018-07-11 13:02:26.888909","2018-07-13 17:20:21.437058","Gold Coast","2018-05-17"
1320,6,"180517-3","Beach Plate Count; e-coli","<1","colonies/100mL",5,17,2018,"2018-07-11 13:02:26.990666","2018-07-13 17:20:21.439553","Gold Coast","2018-05-17"
1321,6,"180517-3","pH","6.94","pH",5,17,2018,"2018-07-11 13:02:27.077694","2018-07-13 17:20:21.445102","Gold Coast","2018-05-17"
1322,6,"180517-3","Dissolved Oxygen","7.3","mg/L",5,17,2018,"2018-07-11 13:02:27.095898","2018-07-13 17:20:21.4545","Gold Coast","2018-05-17"
1324,6,"180517-3","Water Temperature","17.3","degrees Centigrade",5,17,2018,"2018-07-11 13:02:27.143115","2018-07-13 17:20:21.463132","Gold Coast","2018-05-17"
1325,6,"180517-3","Air Temperature","24.7","degrees Centigrade",5,17,2018,"2018-07-11 13:02:27.177575","2018-07-13 17:20:21.466613","Gold Coast","2018-05-17"
1326,6,"180517-3","Conductivity","290","uS/cM",5,17,2018,"2018-07-11 13:02:27.253993","2018-07-13 17:20:21.470661","Gold Coast","2018-05-17"
1327,7,"180518-3","Phosphorus","2.25","mg/L",5,18,2018,"2018-07-11 13:02:27.28555","2018-07-13 17:20:36.139958","North State Park","2018-05-18"
1328,7,"180518-3","Nitrogen (Nitrate)","0.05","mg/L",5,18,2018,"2018-07-11 13:02:27.411677","2018-07-13 17:20:36.159153","North State Park","2018-05-18"
1329,7,"180518-3","Nitrogen (Nitrite)","0.003","mg/L",5,18,2018,"2018-07-11 13:02:27.533621","2018-07-13 17:20:36.166419","North State Park","2018-05-18"
1262,1,"180518-6","Nitrogen (Nitrate)","0.096","mg/L",5,18,2018,"2018-07-11 13:02:25.848833","2018-07-13 17:17:14.411135","Gerrish Township Marina","2018-05-18"
1269,1,"180518-6","Water Temperature","12.9","degrees Centigrade",5,18,2018,"2018-07-11 13:02:25.868505","2018-07-13 17:17:14.443765","Gerrish Township Marina","2018-05-18"
1312,5,"180517-4","Total Dissolved Solids","0.37","percent",5,17,2018,"2018-07-11 13:02:26.614572","2018-07-13 17:20:03.14171","DNR boat launch","2018-05-17"
1440,5,"180614-6","Beach Plate Count; MPN","436","colonies/100mL",6,14,2018,"2018-07-11 13:02:39.297863","2018-07-13 17:20:03.168752","DNR boat launch","2018-06-14"
1502,10,"180614-3","Conductivity","282","uS/cM",6,14,2018,"2018-07-11 13:02:39.702993","2018-07-13 17:21:50.687184","Treasure Island - 1","2018-06-14"
1503,11,"180614-2","Phosphorus","0.041","mg/L",6,14,2018,"2018-07-11 13:02:39.706172","2018-07-13 17:22:04.806309","Treasure Island - 2","2018-06-14"
1504,11,"180614-2","Nitrogen (Nitrate)","0.024","mg/L",6,14,2018,"2018-07-11 13:02:39.713729","2018-07-13 17:22:04.811401","Treasure Island - 2","2018-06-14"
1505,11,"180614-2","Nitrogen (Nitrite)","0.003","mg/L",6,14,2018,"2018-07-11 13:02:39.718068","2018-07-13 17:22:04.818006","Treasure Island - 2","2018-06-14"
1506,11,"180614-2","Beach Plate Count; MPN","186","colonies/100mL",6,14,2018,"2018-07-11 13:02:39.720324","2018-07-13 17:22:04.822622","Treasure Island - 2","2018-06-14"
1507,11,"180614-2","Beach Plate Count; e-coli","2","colonies/100mL",6,14,2018,"2018-07-11 13:02:39.722394","2018-07-13 17:22:04.825479","Treasure Island - 2","2018-06-14"
1508,11,"180614-2","pH","7.53","pH",6,14,2018,"2018-07-11 13:02:39.724449","2018-07-13 17:22:04.82786","Treasure Island - 2","2018-06-14"
1509,11,"180614-2","Dissolved Oxygen","4.5","mg/L",6,14,2018,"2018-07-11 13:02:39.726572","2018-07-13 17:22:04.82992","Treasure Island - 2","2018-06-14"
1510,11,"180614-2","Total Dissolved Solids","0.016","percent",6,14,2018,"2018-07-11 13:02:39.728621","2018-07-13 17:22:04.832075","Treasure Island - 2","2018-06-14"
1511,11,"180614-2","Water Temperature","16.7","degrees Centigrade",6,14,2018,"2018-07-11 13:02:39.731191","2018-07-13 17:22:04.83721","Treasure Island - 2","2018-06-14"
1512,11,"180614-2","Air Temperature","14.4","degrees Centigrade",6,14,2018,"2018-07-11 13:02:39.739764","2018-07-13 17:22:04.873264","Treasure Island - 2","2018-06-14"
1513,11,"180614-2","Conductivity","284","uS/cM",6,14,2018,"2018-07-11 13:02:39.742573","2018-07-13 17:22:04.875929","Treasure Island - 2","2018-06-14"
1514,12,"180614-1","Phosphorus","0.005","mg/L",6,14,2018,"2018-07-11 13:02:39.745372","2018-07-13 17:22:20.858648","Kennedy Beach","2018-06-14"
1515,12,"180614-1","Nitrogen (Nitrate)","0.118","mg/L",6,14,2018,"2018-07-11 13:02:39.747915","2018-07-13 17:22:20.862114","Kennedy Beach","2018-06-14"
1516,12,"180614-1","Nitrogen (Nitrite)","0.007","mg/L",6,14,2018,"2018-07-11 13:02:39.752225","2018-07-13 17:22:20.866799","Kennedy Beach","2018-06-14"
1517,12,"180614-1","Beach Plate Count; MPN","689","colonies/100mL",6,14,2018,"2018-07-11 13:02:39.754969","2018-07-13 17:22:20.872545","Kennedy Beach","2018-06-14"
1518,12,"180614-1","Beach Plate Count; e-coli","43","colonies/100mL",6,14,2018,"2018-07-11 13:02:39.757188","2018-07-13 17:22:20.87533","Kennedy Beach","2018-06-14"
1519,12,"180614-1","pH","7.77","pH",6,14,2018,"2018-07-11 13:02:39.759411","2018-07-13 17:22:20.877978","Kennedy Beach","2018-06-14"
1520,12,"180614-1","Dissolved Oxygen","4.5","mg/L",6,14,2018,"2018-07-11 13:02:39.764619","2018-07-13 17:22:20.885471","Kennedy Beach","2018-06-14"
1521,12,"180614-1","Total Dissolved Solids","0.011","percent",6,14,2018,"2018-07-11 13:02:39.799747","2018-07-13 17:22:20.889041","Kennedy Beach","2018-06-14"
1522,12,"180614-1","Water Temperature","15.4","degrees Centigrade",6,14,2018,"2018-07-11 13:02:39.822412","2018-07-13 17:22:20.893186","Kennedy Beach","2018-06-14"
1523,12,"180614-1","Air Temperature","14.6","degrees Centigrade",6,14,2018,"2018-07-11 13:02:39.833243","2018-07-13 17:22:20.896508","Kennedy Beach","2018-06-14"
1524,12,"180614-1","Conductivity","156","uS/cM",6,14,2018,"2018-07-11 13:02:39.845259","2018-07-13 17:22:20.89929","Kennedy Beach","2018-06-14"
1557,3,"180720-2","Conductivity","273","uS/cM",7,20,2018,"2018-12-23 13:39:00.714284","2018-12-23 13:39:00.714284","Cut River","2018-07-20"
1558,4,"180719-20","Phosphorus","0.07","mg/L",7,19,2018,"2018-12-23 13:39:00.71754","2018-12-23 13:39:00.71754","Sam-O-Set","2018-07-19"
1560,4,"180719-20","Nitrogen (Nitrite)","0.003","mg/L",7,19,2018,"2018-12-23 13:39:00.723825","2018-12-23 13:39:00.723825","Sam-O-Set","2018-07-19"
1561,4,"180719-20","Beach Plate Count; MPN","228","colonies/100mL",7,19,2018,"2018-12-23 13:39:00.733644","2018-12-23 13:39:00.733644","Sam-O-Set","2018-07-19"
1569,5,"180719-18","Phosphorus","0.1","mg/L",7,19,2018,"2018-12-23 13:39:00.880318","2018-12-23 13:39:00.880318","DNR boat launch","2018-07-19"
1571,5,"180719-18","Nitrogen (Nitrite)","0.005","mg/L",7,19,2018,"2018-12-23 13:39:00.898579","2018-12-23 13:39:00.898579","DNR boat launch","2018-07-19"
1572,5,"180719-18","Beach Plate Count; MPN","870","colonies/100mL",7,19,2018,"2018-12-23 13:39:00.902015","2018-12-23 13:39:00.902015","DNR boat launch","2018-07-19"
1573,5,"180719-18","Beach Plate Count; e-coli","1","colonies/100mL",7,19,2018,"2018-12-23 13:39:00.906297","2018-12-23 13:39:00.906297","DNR boat launch","2018-07-19"
1574,5,"180719-18","pH","8","pH",7,19,2018,"2018-12-23 13:39:00.910371","2018-12-23 13:39:00.910371","DNR boat launch","2018-07-19"
1575,5,"180719-18","Dissolved Oxygen","3.8","mg/L",7,19,2018,"2018-12-23 13:39:00.91616","2018-12-23 13:39:00.91616","DNR boat launch","2018-07-19"
1576,5,"180719-18","Total Dissolved Solids","0.0026","percent",7,19,2018,"2018-12-23 13:39:00.919491","2018-12-23 13:39:00.919491","DNR boat launch","2018-07-19"
1577,5,"180719-18","Water Temperature","22","degrees Centigrade",7,19,2018,"2018-12-23 13:39:00.923563","2018-12-23 13:39:00.923563","DNR boat launch","2018-07-19"
1578,5,"180719-18","Air Temperature","13.9","degrees Centigrade",7,19,2018,"2018-12-23 13:39:00.930759","2018-12-23 13:39:00.930759","DNR boat launch","2018-07-19"
1580,6,"180719-19","Phosphorus","0.06","mg/L",7,19,2018,"2018-12-23 13:39:00.945472","2018-12-23 13:39:00.945472","Gold Coast","2018-07-19"
1582,6,"180719-19","Nitrogen (Nitrite)","0.007","mg/L",7,19,2018,"2018-12-23 13:39:00.950369","2018-12-23 13:39:00.950369","Gold Coast","2018-07-19"
1583,6,"180719-19","Beach Plate Count; MPN","260","colonies/100mL",7,19,2018,"2018-12-23 13:39:00.9526","2018-12-23 13:39:00.9526","Gold Coast","2018-07-19"
1584,6,"180719-19","Beach Plate Count; e-coli","<1","colonies/100mL",7,19,2018,"2018-12-23 13:39:00.954752","2018-12-23 13:39:00.954752","Gold Coast","2018-07-19"
1585,6,"180719-19","pH","7.7","pH",7,19,2018,"2018-12-23 13:39:00.956917","2018-12-23 13:39:00.956917","Gold Coast","2018-07-19"
1586,6,"180719-19","Dissolved Oxygen","4","mg/L",7,19,2018,"2018-12-23 13:39:00.959088","2018-12-23 13:39:00.959088","Gold Coast","2018-07-19"
1587,6,"180719-19","Total Dissolved Solids","0.0029","percent",7,19,2018,"2018-12-23 13:39:00.961257","2018-12-23 13:39:00.961257","Gold Coast","2018-07-19"
1581,6,"180719-19","Nitrogen (Nitrate)","0.081","mg/L",7,19,2018,"2018-12-23 13:39:00.948125","2018-12-23 13:39:00.948125","Gold Coast","2018-07-19"
1559,4,"180719-20","Nitrogen (Nitrate)","0.061","mg/L",7,19,2018,"2018-12-23 13:39:00.720495","2018-12-23 13:39:00.720495","Sam-O-Set","2018-07-19"
1570,5,"180719-18","Nitrogen (Nitrate)","0.105","mg/L",7,19,2018,"2018-12-23 13:39:00.893796","2018-12-23 13:39:00.893796","DNR boat launch","2018-07-19"
1331,7,"180518-3","Beach Plate Count; e-coli","<1","colonies/100mL",5,18,2018,"2018-07-11 13:02:27.606188","2018-07-13 17:20:36.172661","North State Park","2018-05-18"
1332,7,"180518-3","pH","7.12","pH",5,18,2018,"2018-07-11 13:02:27.691222","2018-07-13 17:20:36.176743","North State Park","2018-05-18"
1333,7,"180518-3","Dissolved Oxygen","5.3","mg/L",5,18,2018,"2018-07-11 13:02:27.720419","2018-07-13 17:20:36.179286","North State Park","2018-05-18"
1334,7,"180518-3","Total Dissolved Solids","0.0167","percent",5,18,2018,"2018-07-11 13:02:27.739557","2018-07-13 17:20:36.183156","North State Park","2018-05-18"
1335,7,"180518-3","Water Temperature","17.3","degrees Centigrade",5,18,2018,"2018-07-11 13:02:27.775096","2018-07-13 17:20:36.185733","North State Park","2018-05-18"
1336,7,"180518-3","Air Temperature","17.6","degrees Centigrade",5,18,2018,"2018-07-11 13:02:27.807737","2018-07-13 17:20:36.189486","North State Park","2018-05-18"
1337,7,"180518-3","Conductivity","297","uS/cM",5,18,2018,"2018-07-11 13:02:27.841881","2018-07-13 17:20:36.192205","North State Park","2018-05-18"
1338,8,"180518-2","Phosphorus","0.25","mg/L",5,18,2018,"2018-07-11 13:02:27.860809","2018-07-13 17:21:17.299584","B&B Marina","2018-05-18"
1339,8,"180518-2","Nitrogen (Nitrate)","0.085","mg/L",5,18,2018,"2018-07-11 13:02:27.892044","2018-07-13 17:21:17.321762","B&B Marina","2018-05-18"
1340,8,"180518-2","Nitrogen (Nitrite)","0.006","mg/L",5,18,2018,"2018-07-11 13:02:27.911181","2018-07-13 17:21:17.340706","B&B Marina","2018-05-18"
1341,8,"180518-2","Beach Plate Count; MPN","56","colonies/100mL",5,18,2018,"2018-07-11 13:02:27.932361","2018-07-13 17:21:17.368719","B&B Marina","2018-05-18"
1342,8,"180518-2","Beach Plate Count; e-coli","13","colonies/100mL",5,18,2018,"2018-07-11 13:02:27.956262","2018-07-13 17:21:17.387447","B&B Marina","2018-05-18"
1343,8,"180518-2","pH","7.26","pH",5,18,2018,"2018-07-11 13:02:27.975637","2018-07-13 17:21:17.406308","B&B Marina","2018-05-18"
1344,8,"180518-2","Dissolved Oxygen","5.3","mg/L",5,18,2018,"2018-07-11 13:02:27.978061","2018-07-13 17:21:17.451505","B&B Marina","2018-05-18"
1345,8,"180518-2","Total Dissolved Solids","0.02","percent",5,18,2018,"2018-07-11 13:02:27.991111","2018-07-13 17:21:17.481786","B&B Marina","2018-05-18"
1346,8,"180518-2","Water Temperature","17.3","degrees Centigrade",5,18,2018,"2018-07-11 13:02:27.994128","2018-07-13 17:21:17.50539","B&B Marina","2018-05-18"
1347,8,"180518-2","Air Temperature","27.5","degrees Centigrade",5,18,2018,"2018-07-11 13:02:27.996287","2018-07-13 17:21:17.575067","B&B Marina","2018-05-18"
1348,8,"180518-2","Conductivity","292","uS/cM",5,18,2018,"2018-07-11 13:02:27.998487","2018-07-13 17:21:17.622873","B&B Marina","2018-05-18"
1473,8,"180613-2","Beach Plate Count; MPN","143","colonies/100mL",6,13,2018,"2018-07-11 13:02:39.391457","2018-07-13 17:21:17.743969","B&B Marina","2018-06-13"
1349,9,"180518-1","Phosphorus","0.6","mg/L",5,18,2018,"2018-07-11 13:02:28.000807","2018-07-13 17:21:34.202094","Camp Carmine","2018-05-18"
1350,9,"180518-1","Nitrogen (Nitrate)","0.069","mg/L",5,18,2018,"2018-07-11 13:02:28.003018","2018-07-13 17:21:34.230399","Camp Carmine","2018-05-18"
1351,9,"180518-1","Nitrogen (Nitrite)","0.003","mg/L",5,18,2018,"2018-07-11 13:02:28.005098","2018-07-13 17:21:34.247692","Camp Carmine","2018-05-18"
1352,9,"180518-1","Beach Plate Count; MPN","201","colonies/100mL",5,18,2018,"2018-07-11 13:02:28.015638","2018-07-13 17:21:34.251842","Camp Carmine","2018-05-18"
1353,9,"180518-1","Beach Plate Count; e-coli","2","colonies/100mL",5,18,2018,"2018-07-11 13:02:28.021033","2018-07-13 17:21:34.254699","Camp Carmine","2018-05-18"
1354,9,"180518-1","pH","7.65","pH",5,18,2018,"2018-07-11 13:02:28.025011","2018-07-13 17:21:34.256642","Camp Carmine","2018-05-18"
1500,10,"180614-3","Water Temperature","16.7","degrees Centigrade",6,14,2018,"2018-07-11 13:02:39.684907","2018-07-13 17:21:50.753839","Treasure Island - 1","2018-06-14"
1591,7,"180718-7","Phosphorus","0.02","mg/L",7,18,2018,"2018-12-23 13:39:00.97754","2018-12-23 13:39:00.97754","North State Park","2018-07-18"
1593,7,"180718-7","Nitrogen (Nitrite)","0.009","mg/L",7,18,2018,"2018-12-23 13:39:00.990744","2018-12-23 13:39:00.990744","North State Park","2018-07-18"
1602,8,"180718-8","Phosphorus","0.01","mg/L",7,18,2018,"2018-12-23 13:39:01.174005","2018-12-23 13:39:01.174005","B&B Marina","2018-07-18"
1604,8,"180718-8","Nitrogen (Nitrite)","0.004","mg/L",7,18,2018,"2018-12-23 13:39:01.184197","2018-12-23 13:39:01.184197","B&B Marina","2018-07-18"
1605,8,"180718-8","Beach Plate Count; MPN","474","colonies/100mL",7,18,2018,"2018-12-23 13:39:01.187328","2018-12-23 13:39:01.187328","B&B Marina","2018-07-18"
1606,8,"180718-8","Beach Plate Count; e-coli","2","colonies/100mL",7,18,2018,"2018-12-23 13:39:01.192042","2018-12-23 13:39:01.192042","B&B Marina","2018-07-18"
1607,8,"180718-8","pH","7.46","pH",7,18,2018,"2018-12-23 13:39:01.213443","2018-12-23 13:39:01.213443","B&B Marina","2018-07-18"
1608,8,"180718-8","Dissolved Oxygen","7.5","mg/L",7,18,2018,"2018-12-23 13:39:01.226908","2018-12-23 13:39:01.226908","B&B Marina","2018-07-18"
1609,8,"180718-8","Total Dissolved Solids","0.0013","percent",7,18,2018,"2018-12-23 13:39:01.235738","2018-12-23 13:39:01.235738","B&B Marina","2018-07-18"
1610,8,"180718-8","Water Temperature","21.7","degrees Centigrade",7,18,2018,"2018-12-23 13:39:01.242604","2018-12-23 13:39:01.242604","B&B Marina","2018-07-18"
1611,8,"180718-8","Air Temperature","10.6","degrees Centigrade",7,18,2018,"2018-12-23 13:39:01.252236","2018-12-23 13:39:01.252236","B&B Marina","2018-07-18"
1613,9,"180718-9","Phosphorus","0.01","mg/L",7,18,2018,"2018-12-23 13:39:01.280435","2018-12-23 13:39:01.280435","Camp Carmine","2018-07-18"
1615,9,"180718-9","Nitrogen (Nitrite)","0.005","mg/L",7,18,2018,"2018-12-23 13:39:01.302241","2018-12-23 13:39:01.302241","Camp Carmine","2018-07-18"
1616,9,"180718-9","Beach Plate Count; MPN","478","colonies/100mL",7,18,2018,"2018-12-23 13:39:01.30688","2018-12-23 13:39:01.30688","Camp Carmine","2018-07-18"
1617,9,"180718-9","Beach Plate Count; e-coli","2","colonies/100mL",7,18,2018,"2018-12-23 13:39:01.310883","2018-12-23 13:39:01.310883","Camp Carmine","2018-07-18"
1618,9,"180718-9","pH","7.38","pH",7,18,2018,"2018-12-23 13:39:01.316524","2018-12-23 13:39:01.316524","Camp Carmine","2018-07-18"
1619,9,"180718-9","Dissolved Oxygen","7.5","mg/L",7,18,2018,"2018-12-23 13:39:01.319572","2018-12-23 13:39:01.319572","Camp Carmine","2018-07-18"
1620,9,"180718-9","Total Dissolved Solids","0.0017","percent",7,18,2018,"2018-12-23 13:39:01.331616","2018-12-23 13:39:01.331616","Camp Carmine","2018-07-18"
1621,9,"180718-9","Water Temperature","19.9","degrees Centigrade",7,18,2018,"2018-12-23 13:39:01.338881","2018-12-23 13:39:01.338881","Camp Carmine","2018-07-18"
1622,9,"180718-9","Air Temperature","10","degrees Centigrade",7,18,2018,"2018-12-23 13:39:01.342245","2018-12-23 13:39:01.342245","Camp Carmine","2018-07-18"
1603,8,"180718-8","Nitrogen (Nitrate)","0.101","mg/L",7,18,2018,"2018-12-23 13:39:01.179634","2018-12-23 13:39:01.179634","B&B Marina","2018-07-18"
1614,9,"180718-9","Nitrogen (Nitrate)","0.118","mg/L",7,18,2018,"2018-12-23 13:39:01.284067","2018-12-23 13:39:01.284067","Camp Carmine","2018-07-18"
1592,7,"180718-7","Nitrogen (Nitrate)","0.105","mg/L",7,18,2018,"2018-12-23 13:39:00.982051","2018-12-23 13:39:00.982051","North State Park","2018-07-18"
1394,1,"180615-2","Nitrogen (Nitrate)","0.048","mg/L",6,15,2018,"2018-07-11 13:02:39.137024","2018-07-13 17:17:14.456677","Gerrish Township Marina","2018-06-15"
1398,1,"180615-2","pH","7.97","pH",6,15,2018,"2018-07-11 13:02:39.153837","2018-07-13 17:17:14.462311","Gerrish Township Marina","2018-06-15"
1399,1,"180615-2","Dissolved Oxygen","5.2","mg/L",6,15,2018,"2018-07-11 13:02:39.156122","2018-07-13 17:17:14.46429","Gerrish Township Marina","2018-06-15"
1400,1,"180615-2","Total Dissolved Solids","0.001","percent",6,15,2018,"2018-07-11 13:02:39.158906","2018-07-13 17:17:14.466126","Gerrish Township Marina","2018-06-15"
1401,1,"180615-2","Water Temperature","17.5","degrees Centigrade",6,15,2018,"2018-07-11 13:02:39.161496","2018-07-13 17:17:14.468249","Gerrish Township Marina","2018-06-15"
1357,9,"180518-1","Water Temperature","16.6","degrees Centigrade",5,18,2018,"2018-07-11 13:02:28.033789","2018-07-13 17:21:34.26025","Camp Carmine","2018-05-18"
1359,9,"180518-1","Conductivity","277","uS/cM",5,18,2018,"2018-07-11 13:02:28.038963","2018-07-13 17:21:34.262088","Camp Carmine","2018-05-18"
1360,10,"180516-8","Phosphorus","0","mg/L",5,16,2018,"2018-07-11 13:02:28.053405","2018-07-13 17:21:50.691644","Treasure Island - 1","2018-05-16"
1361,10,"180516-8","Nitrogen (Nitrate)","0","mg/L",5,16,2018,"2018-07-11 13:02:28.056037","2018-07-13 17:21:50.693776","Treasure Island - 1","2018-05-16"
1362,10,"180516-8","Nitrogen (Nitrite)","0.006","mg/L",5,16,2018,"2018-07-11 13:02:28.080962","2018-07-13 17:21:50.6958","Treasure Island - 1","2018-05-16"
1363,10,"180516-8","Beach Plate Count; MPN","<1","colonies/100mL",5,16,2018,"2018-07-11 13:02:28.116523","2018-07-13 17:21:50.698504","Treasure Island - 1","2018-05-16"
1365,10,"180516-8","pH","8","pH",5,16,2018,"2018-07-11 13:02:28.215121","2018-07-13 17:21:50.701152","Treasure Island - 1","2018-05-16"
1366,10,"180516-8","Dissolved Oxygen","8.1","mg/L",5,16,2018,"2018-07-11 13:02:28.257588","2018-07-13 17:21:50.707496","Treasure Island - 1","2018-05-16"
1367,10,"180516-8","Total Dissolved Solids","0.0005","percent",5,16,2018,"2018-07-11 13:02:28.282671","2018-07-13 17:21:50.710681","Treasure Island - 1","2018-05-16"
1368,10,"180516-8","Water Temperature","11.3","degrees Centigrade",5,16,2018,"2018-07-11 13:02:28.328658","2018-07-13 17:21:50.713536","Treasure Island - 1","2018-05-16"
1369,10,"180516-8","Air Temperature","17.8","degrees Centigrade",5,16,2018,"2018-07-11 13:02:28.367609","2018-07-13 17:21:50.716502","Treasure Island - 1","2018-05-16"
1370,10,"180516-8","Conductivity","280","uS/cM",5,16,2018,"2018-07-11 13:02:28.468768","2018-07-13 17:21:50.722744","Treasure Island - 1","2018-05-16"
1371,11,"180516-9","Phosphorus","0","mg/L",5,16,2018,"2018-07-11 13:02:28.504505","2018-07-13 17:22:04.877806","Treasure Island - 2","2018-05-16"
1373,11,"180516-9","Nitrogen (Nitrite)","0.007","mg/L",5,16,2018,"2018-07-11 13:02:28.616295","2018-07-13 17:22:04.879586","Treasure Island - 2","2018-05-16"
1374,11,"180516-9","Beach Plate Count; MPN","25.4","colonies/100mL",5,16,2018,"2018-07-11 13:02:28.643418","2018-07-13 17:22:04.88735","Treasure Island - 2","2018-05-16"
1375,11,"180516-9","Beach Plate Count; e-coli","<1","colonies/100mL",5,16,2018,"2018-07-11 13:02:28.671281","2018-07-13 17:22:04.889753","Treasure Island - 2","2018-05-16"
1376,11,"180516-9","pH","7.8","pH",5,16,2018,"2018-07-11 13:02:28.734433","2018-07-13 17:22:04.902744","Treasure Island - 2","2018-05-16"
1377,11,"180516-9","Dissolved Oxygen","7.74","mg/L",5,16,2018,"2018-07-11 13:02:28.75726","2018-07-13 17:22:04.904992","Treasure Island - 2","2018-05-16"
1379,11,"180516-9","Water Temperature","11.3","degrees Centigrade",5,16,2018,"2018-07-11 13:02:28.805134","2018-07-13 17:22:04.907091","Treasure Island - 2","2018-05-16"
1380,11,"180516-9","Air Temperature","17.8","degrees Centigrade",5,16,2018,"2018-07-11 13:02:28.80779","2018-07-13 17:22:04.909667","Treasure Island - 2","2018-05-16"
1381,11,"180516-9","Conductivity","278","uS/cM",5,16,2018,"2018-07-11 13:02:28.810264","2018-07-13 17:22:04.911659","Treasure Island - 2","2018-05-16"
1402,1,"180615-2","Air Temperature","12.2","degrees Centigrade",6,15,2018,"2018-07-11 13:02:39.171026","2018-07-13 17:17:14.470891","Gerrish Township Marina","2018-06-15"
1403,1,"180615-2","Conductivity","315","uS/cM",6,15,2018,"2018-07-11 13:02:39.173505","2018-07-13 17:17:14.475112","Gerrish Township Marina","2018-06-15"
1405,2,"180615-3","Nitrogen (Nitrate)","0.032","mg/L",6,15,2018,"2018-07-11 13:02:39.183954","2018-07-13 17:18:29.693745","South State Park","2018-06-15"
1406,2,"180615-3","Nitrogen (Nitrite)","0.005","mg/L",6,15,2018,"2018-07-11 13:02:39.186361","2018-07-13 17:18:29.695568","South State Park","2018-06-15"
1407,2,"180615-3","Beach Plate Count; MPN","284","colonies/100mL",6,15,2018,"2018-07-11 13:02:39.188448","2018-07-13 17:18:29.697301","South State Park","2018-06-15"
1408,2,"180615-3","Beach Plate Count; e-coli","<1","colonies/100mL",6,15,2018,"2018-07-11 13:02:39.190596","2018-07-13 17:18:29.699417","South State Park","2018-06-15"
1409,2,"180615-3","pH","7.72","pH",6,15,2018,"2018-07-11 13:02:39.19257","2018-07-13 17:18:29.701282","South State Park","2018-06-15"
1411,2,"180615-3","Total Dissolved Solids","0.003","percent",6,15,2018,"2018-07-11 13:02:39.196735","2018-07-13 17:18:29.703219","South State Park","2018-06-15"
1412,2,"180615-3","Water Temperature","18.5","degrees Centigrade",6,15,2018,"2018-07-11 13:02:39.199153","2018-07-13 17:18:29.705113","South State Park","2018-06-15"
1413,2,"180615-3","Air Temperature","12.2","degrees Centigrade",6,15,2018,"2018-07-11 13:02:39.201339","2018-07-13 17:18:29.707177","South State Park","2018-06-15"
1414,2,"180615-3","Conductivity","282","uS/cM",6,15,2018,"2018-07-11 13:02:39.20347","2018-07-13 17:18:29.709072","South State Park","2018-06-15"
1415,3,"180615-4","Phosphorus","0.11","mg/L",6,15,2018,"2018-07-11 13:02:39.205943","2018-07-13 17:19:09.375854","Cut River","2018-06-15"
1417,3,"180615-4","Nitrogen (Nitrite)","0.008","mg/L",6,15,2018,"2018-07-11 13:02:39.210828","2018-07-13 17:19:09.377753","Cut River","2018-06-15"
1418,3,"180615-4","Beach Plate Count; MPN","315","colonies/100mL",6,15,2018,"2018-07-11 13:02:39.212997","2018-07-13 17:19:09.379614","Cut River","2018-06-15"
1419,3,"180615-4","Beach Plate Count; e-coli","3","colonies/100mL",6,15,2018,"2018-07-11 13:02:39.215143","2018-07-13 17:19:09.383451","Cut River","2018-06-15"
1420,3,"180615-4","pH","7.35","pH",6,15,2018,"2018-07-11 13:02:39.222288","2018-07-13 17:19:09.386059","Cut River","2018-06-15"
1421,3,"180615-4","Dissolved Oxygen","5.4","mg/L",6,15,2018,"2018-07-11 13:02:39.224991","2018-07-13 17:19:09.389224","Cut River","2018-06-15"
1423,3,"180615-4","Water Temperature","11.4","degrees Centigrade",6,15,2018,"2018-07-11 13:02:39.234339","2018-07-13 17:19:09.391198","Cut River","2018-06-15"
1424,3,"180615-4","Air Temperature","13.3","degrees Centigrade",6,15,2018,"2018-07-11 13:02:39.260153","2018-07-13 17:19:09.393265","Cut River","2018-06-15"
1425,3,"180615-4","Conductivity","282","uS/cM",6,15,2018,"2018-07-11 13:02:39.262937","2018-07-13 17:19:09.397184","Cut River","2018-06-15"
1426,4,"180614-4","Phosphorus","0.1","mg/L",6,14,2018,"2018-07-11 13:02:39.265346","2018-07-13 17:19:44.833031","Sam-O-Set","2018-06-14"
1427,4,"180614-4","Nitrogen (Nitrate)","0.064","mg/L",6,14,2018,"2018-07-11 13:02:39.267372","2018-07-13 17:19:44.873673","Sam-O-Set","2018-06-14"
1428,4,"180614-4","Nitrogen (Nitrite)","0.005","mg/L",6,14,2018,"2018-07-11 13:02:39.269304","2018-07-13 17:19:44.879828","Sam-O-Set","2018-06-14"
1356,9,"180518-1","Total Dissolved Solids","0.013","percent",5,18,2018,"2018-07-11 13:02:28.031299","2018-07-13 17:21:34.258453","Camp Carmine","2018-05-18"
1393,1,"180615-2","Phosphorus","0.05","mg/L",6,15,2018,"2018-07-11 13:02:39.11775","2018-07-13 17:17:14.454512","Gerrish Township Marina","2018-06-15"
1395,1,"180615-2","Nitrogen (Nitrite)","0.003","mg/L",6,15,2018,"2018-07-11 13:02:39.143505","2018-07-13 17:17:14.458601","Gerrish Township Marina","2018-06-15"
1397,1,"180615-2","Beach Plate Count; e-coli","11.8","colonies/100mL",6,15,2018,"2018-07-11 13:02:39.150421","2018-07-13 17:17:14.460455","Gerrish Township Marina","2018-06-15"
1432,4,"180614-4","Dissolved Oxygen","4.3","mg/L",6,14,2018,"2018-07-11 13:02:39.277623","2018-07-13 17:19:44.884592","Sam-O-Set","2018-06-14"
1433,4,"180614-4","Total Dissolved Solids","0.011","percent",6,14,2018,"2018-07-11 13:02:39.282945","2018-07-13 17:19:44.886424","Sam-O-Set","2018-06-14"
1434,4,"180614-4","Water Temperature","18","degrees Centigrade",6,14,2018,"2018-07-11 13:02:39.28515","2018-07-13 17:19:44.888268","Sam-O-Set","2018-06-14"
1435,4,"180614-4","Air Temperature","13.3","degrees Centigrade",6,14,2018,"2018-07-11 13:02:39.287243","2018-07-13 17:19:44.89021","Sam-O-Set","2018-06-14"
1436,4,"180614-4","Conductivity","280","uS/cM",6,14,2018,"2018-07-11 13:02:39.289411","2018-07-13 17:19:44.893172","Sam-O-Set","2018-06-14"
1437,5,"180614-6","Phosphorus","2.4","mg/L",6,14,2018,"2018-07-11 13:02:39.291552","2018-07-13 17:20:03.152105","DNR boat launch","2018-06-14"
1439,5,"180614-6","Nitrogen (Nitrite)","0.006","mg/L",6,14,2018,"2018-07-11 13:02:39.295711","2018-07-13 17:20:03.159904","DNR boat launch","2018-06-14"
1441,5,"180614-6","Beach Plate Count; e-coli","3","colonies/100mL",6,14,2018,"2018-07-11 13:02:39.29997","2018-07-13 17:20:03.174902","DNR boat launch","2018-06-14"
1442,5,"180614-6","pH","6.89","pH",6,14,2018,"2018-07-11 13:02:39.302179","2018-07-13 17:20:03.178722","DNR boat launch","2018-06-14"
1443,5,"180614-6","Dissolved Oxygen","5.1","mg/L",6,14,2018,"2018-07-11 13:02:39.304317","2018-07-13 17:20:03.181427","DNR boat launch","2018-06-14"
1445,5,"180614-6","Water Temperature","17.7","degrees Centigrade",6,14,2018,"2018-07-11 13:02:39.308649","2018-07-13 17:20:03.183945","DNR boat launch","2018-06-14"
1446,5,"180614-6","Air Temperature","15","degrees Centigrade",6,14,2018,"2018-07-11 13:02:39.310814","2018-07-13 17:20:03.186227","DNR boat launch","2018-06-14"
1447,5,"180614-6","Conductivity","206","uS/cM",6,14,2018,"2018-07-11 13:02:39.313015","2018-07-13 17:20:03.188945","DNR boat launch","2018-06-14"
1448,6,"180614-5","Phosphorus","0.35","mg/L",6,14,2018,"2018-07-11 13:02:39.315237","2018-07-13 17:20:21.473398","Gold Coast","2018-06-14"
1449,6,"180614-5","Nitrogen (Nitrate)","0.029","mg/L",6,14,2018,"2018-07-11 13:02:39.317377","2018-07-13 17:20:21.47547","Gold Coast","2018-06-14"
1451,6,"180614-5","Beach Plate Count; MPN","53.8","colonies/100mL",6,14,2018,"2018-07-11 13:02:39.322837","2018-07-13 17:20:21.477384","Gold Coast","2018-06-14"
1452,6,"180614-5","Beach Plate Count; e-coli","<1","colonies/100mL",6,14,2018,"2018-07-11 13:02:39.327424","2018-07-13 17:20:21.479276","Gold Coast","2018-06-14"
1453,6,"180614-5","pH","6.98","pH",6,14,2018,"2018-07-11 13:02:39.329684","2018-07-13 17:20:21.48118","Gold Coast","2018-06-14"
1454,6,"180614-5","Dissolved Oxygen","5.2","mg/L",6,14,2018,"2018-07-11 13:02:39.331706","2018-07-13 17:20:21.483167","Gold Coast","2018-06-14"
1455,6,"180614-5","Total Dissolved Solids","0.002","percent",6,14,2018,"2018-07-11 13:02:39.333596","2018-07-13 17:20:21.485236","Gold Coast","2018-06-14"
1457,6,"180614-5","Air Temperature","12.7","degrees Centigrade",6,14,2018,"2018-07-11 13:02:39.339144","2018-07-13 17:20:21.487277","Gold Coast","2018-06-14"
1458,6,"180614-5","Conductivity","277","uS/cM",6,14,2018,"2018-07-11 13:02:39.340974","2018-07-13 17:20:21.489183","Gold Coast","2018-06-14"
1459,7,"180613-1","Phosphorus","0.25","mg/L",6,13,2018,"2018-07-11 13:02:39.34475","2018-07-13 17:20:36.194511","North State Park","2018-06-13"
1460,7,"180613-1","Nitrogen (Nitrate)","0.61","mg/L",6,13,2018,"2018-07-11 13:02:39.346765","2018-07-13 17:20:36.198215","North State Park","2018-06-13"
1461,7,"180613-1","Nitrogen (Nitrite)","0.008","mg/L",6,13,2018,"2018-07-11 13:02:39.349144","2018-07-13 17:20:36.202791","North State Park","2018-06-13"
1462,7,"180613-1","Beach Plate Count; MPN","457","colonies/100mL",6,13,2018,"2018-07-11 13:02:39.356165","2018-07-13 17:20:36.205522","North State Park","2018-06-13"
1464,7,"180613-1","pH","6.43","pH",6,13,2018,"2018-07-11 13:02:39.367833","2018-07-13 17:20:36.207536","North State Park","2018-06-13"
1465,7,"180613-1","Dissolved Oxygen","4.2","mg/L",6,13,2018,"2018-07-11 13:02:39.370581","2018-07-13 17:20:36.209522","North State Park","2018-06-13"
1466,7,"180613-1","Total Dissolved Solids","0.006","percent",6,13,2018,"2018-07-11 13:02:39.373635","2018-07-13 17:20:36.211318","North State Park","2018-06-13"
1467,7,"180613-1","Water Temperature","18.3","degrees Centigrade",6,13,2018,"2018-07-11 13:02:39.376092","2018-07-13 17:20:36.213135","North State Park","2018-06-13"
1468,7,"180613-1","Air Temperature","13.5","degrees Centigrade",6,13,2018,"2018-07-11 13:02:39.378315","2018-07-13 17:20:36.215354","North State Park","2018-06-13"
1469,7,"180613-1","Conductivity","308","uS/cM",6,13,2018,"2018-07-11 13:02:39.380473","2018-07-13 17:20:36.217692","North State Park","2018-06-13"
1470,8,"180613-2","Phosphorus","0.05","mg/L",6,13,2018,"2018-07-11 13:02:39.384695","2018-07-13 17:21:17.711625","B&B Marina","2018-06-13"
1472,8,"180613-2","Nitrogen (Nitrite)","0.008","mg/L",6,13,2018,"2018-07-11 13:02:39.38912","2018-07-13 17:21:17.724753","B&B Marina","2018-06-13"
1474,8,"180613-2","Beach Plate Count; e-coli","37","colonies/100mL",6,13,2018,"2018-07-11 13:02:39.394062","2018-07-13 17:21:17.762656","B&B Marina","2018-06-13"
1475,8,"180613-2","pH","6.35","pH",6,13,2018,"2018-07-11 13:02:39.396818","2018-07-13 17:21:17.798954","B&B Marina","2018-06-13"
1476,8,"180613-2","Dissolved Oxygen","4.5","mg/L",6,13,2018,"2018-07-11 13:02:39.417336","2018-07-13 17:21:17.888384","B&B Marina","2018-06-13"
1478,8,"180613-2","Water Temperature","17.8","degrees Centigrade",6,13,2018,"2018-07-11 13:02:39.424639","2018-07-13 17:21:18.008836","B&B Marina","2018-06-13"
1479,8,"180613-2","Air Temperature","14","degrees Centigrade",6,13,2018,"2018-07-11 13:02:39.434674","2018-07-13 17:21:18.027443","B&B Marina","2018-06-13"
1480,8,"180613-2","Conductivity","308","uS/cM",6,13,2018,"2018-07-11 13:02:39.437211","2018-07-13 17:21:18.059556","B&B Marina","2018-06-13"
1481,9,"180613-3","Phosphorus","0.55","mg/L",6,13,2018,"2018-07-11 13:02:39.449241","2018-07-13 17:21:34.263825","Camp Carmine","2018-06-13"
1482,9,"180613-3","Nitrogen (Nitrate)","0.05","mg/L",6,13,2018,"2018-07-11 13:02:39.452129","2018-07-13 17:21:34.265535","Camp Carmine","2018-06-13"
1484,9,"180613-3","Beach Plate Count; MPN","416","colonies/100mL",6,13,2018,"2018-07-11 13:02:39.46893","2018-07-13 17:21:34.267956","Camp Carmine","2018-06-13"
1485,9,"180613-3","Beach Plate Count; e-coli","4","colonies/100mL",6,13,2018,"2018-07-11 13:02:39.474185","2018-07-13 17:21:34.270192","Camp Carmine","2018-06-13"
1486,9,"180613-3","pH","6.24","pH",6,13,2018,"2018-07-11 13:02:39.511976","2018-07-13 17:21:34.272595","Camp Carmine","2018-06-13"
1487,9,"180613-3","Dissolved Oxygen","5","mg/L",6,13,2018,"2018-07-11 13:02:39.643746","2018-07-13 17:21:34.274764","Camp Carmine","2018-06-13"
1488,9,"180613-3","Total Dissolved Solids","0.002","percent",6,13,2018,"2018-07-11 13:02:39.649232","2018-07-13 17:21:34.276875","Camp Carmine","2018-06-13"
1490,9,"180613-3","Air Temperature","14.8","degrees Centigrade",6,13,2018,"2018-07-11 13:02:39.656376","2018-07-13 17:21:34.278812","Camp Carmine","2018-06-13"
1491,9,"180613-3","Conductivity","281","uS/cM",6,13,2018,"2018-07-11 13:02:39.659841","2018-07-13 17:21:34.280665","Camp Carmine","2018-06-13"
1492,10,"180614-3","Phosphorus","0.024","mg/L",6,14,2018,"2018-07-11 13:02:39.662489","2018-07-13 17:21:50.729156","Treasure Island - 1","2018-06-14"
1493,10,"180614-3","Nitrogen (Nitrate)","0.03","mg/L",6,14,2018,"2018-07-11 13:02:39.665024","2018-07-13 17:21:50.735021","Treasure Island - 1","2018-06-14"
1494,10,"180614-3","Nitrogen (Nitrite)","0.006","mg/L",6,14,2018,"2018-07-11 13:02:39.667607","2018-07-13 17:21:50.741637","Treasure Island - 1","2018-06-14"
1495,10,"180614-3","Beach Plate Count; MPN","194","colonies/100mL",6,14,2018,"2018-07-11 13:02:39.669901","2018-07-13 17:21:50.744979","Treasure Island - 1","2018-06-14"
1497,10,"180614-3","pH","7.29","pH",6,14,2018,"2018-07-11 13:02:39.677809","2018-07-13 17:21:50.747475","Treasure Island - 1","2018-06-14"
1498,10,"180614-3","Dissolved Oxygen","4.4","mg/L",6,14,2018,"2018-07-11 13:02:39.679894","2018-07-13 17:21:50.750121","Treasure Island - 1","2018-06-14"
1499,10,"180614-3","Total Dissolved Solids","0.008","percent",6,14,2018,"2018-07-11 13:02:39.682253","2018-07-13 17:21:50.752019","Treasure Island - 1","2018-06-14"
1501,10,"180614-3","Air Temperature","14.4","degrees Centigrade",6,14,2018,"2018-07-11 13:02:39.695846","2018-07-13 17:21:50.755648","Treasure Island - 1","2018-06-14"
1431,4,"180614-4","pH","7.12","pH",6,14,2018,"2018-07-11 13:02:39.275446","2018-07-13 17:19:44.882737","Sam-O-Set","2018-06-14"
1679,2,"181022-2","Phosphorus","0.31","mg/L",10,22,2018,"2018-12-23 13:39:19.910231","2018-12-23 13:39:19.910231","South State Park","2018-10-22"
1680,2,"181022-2","Nitrogen (Nitrate)","0.01","mg/L",10,22,2018,"2018-12-23 13:39:19.913766","2018-12-23 13:39:19.913766","South State Park","2018-10-22"
1681,2,"181022-2","Nitrogen (Nitrite)","n.d.","mg/L",10,22,2018,"2018-12-23 13:39:19.916345","2018-12-23 13:39:19.916345","South State Park","2018-10-22"
1682,2,"181022-2","Beach Plate Count; MPN","64","colonies/100mL",10,22,2018,"2018-12-23 13:39:19.918736","2018-12-23 13:39:19.918736","South State Park","2018-10-22"
1683,2,"181022-2","Beach Plate Count; e-coli","1","colonies/100mL",10,22,2018,"2018-12-23 13:39:19.922309","2018-12-23 13:39:19.922309","South State Park","2018-10-22"
1684,2,"181022-2","pH","8.08","pH",10,22,2018,"2018-12-23 13:39:19.924754","2018-12-23 13:39:19.924754","South State Park","2018-10-22"
1685,2,"181022-2","Dissolved Oxygen","13","mg/L",10,22,2018,"2018-12-23 13:39:19.927102","2018-12-23 13:39:19.927102","South State Park","2018-10-22"
1686,2,"181022-2","Total Dissolved Solids","0.0069","percent",10,22,2018,"2018-12-23 13:39:19.929523","2018-12-23 13:39:19.929523","South State Park","2018-10-22"
1687,2,"181022-2","Water Temperature","8.7","degrees Centigrade",10,22,2018,"2018-12-23 13:39:19.931678","2018-12-23 13:39:19.931678","South State Park","2018-10-22"
1688,2,"181022-2","Air Temperature","-0.1","degrees Centigrade",10,22,2018,"2018-12-23 13:39:19.934172","2018-12-23 13:39:19.934172","South State Park","2018-10-22"
1690,3,"181022-4","Phosphorus","0.23","mg/L",10,22,2018,"2018-12-23 13:39:19.939038","2018-12-23 13:39:19.939038","Cut River","2018-10-22"
1691,3,"181022-4","Nitrogen (Nitrate)","N.D.","mg/L",10,22,2018,"2018-12-23 13:39:19.941292","2018-12-23 13:39:19.941292","Cut River","2018-10-22"
1692,3,"181022-4","Nitrogen (Nitrite)","N.D.","mg/L",10,22,2018,"2018-12-23 13:39:19.943353","2018-12-23 13:39:19.943353","Cut River","2018-10-22"
1693,3,"181022-4","Beach Plate Count; MPN","68","colonies/100mL",10,22,2018,"2018-12-23 13:39:19.945614","2018-12-23 13:39:19.945614","Cut River","2018-10-22"
1694,3,"181022-4","Beach Plate Count; e-coli","1","colonies/100mL",10,22,2018,"2018-12-23 13:39:19.948054","2018-12-23 13:39:19.948054","Cut River","2018-10-22"
1632,10,"180718-10","Water Temperature","19.6","degrees Centigrade",7,18,2018,"2018-12-23 13:39:01.527177","2018-12-23 13:39:01.527177","Treasure Island - 1","2018-07-18"
1633,10,"180718-10","Air Temperature","13.9","degrees Centigrade",7,18,2018,"2018-12-23 13:39:01.532786","2018-12-23 13:39:01.532786","Treasure Island - 1","2018-07-18"
1634,10,"180718-10","Conductivity","275","uS/cM",7,18,2018,"2018-12-23 13:39:01.536243","2018-12-23 13:39:01.536243","Treasure Island - 1","2018-07-18"
1635,11,"180718-11","Phosphorus","n.d.","mg/L",7,18,2018,"2018-12-23 13:39:01.5426","2018-12-23 13:39:01.5426","Treasure Island - 2","2018-07-18"
1637,11,"180718-11","Nitrogen (Nitrite)","0.004","mg/L",7,18,2018,"2018-12-23 13:39:01.559537","2018-12-23 13:39:01.559537","Treasure Island - 2","2018-07-18"
1638,11,"180718-11","Beach Plate Count; MPN","260","colonies/100mL",7,18,2018,"2018-12-23 13:39:01.566544","2018-12-23 13:39:01.566544","Treasure Island - 2","2018-07-18"
1639,11,"180718-11","Beach Plate Count; e-coli","<1","colonies/100mL",7,18,2018,"2018-12-23 13:39:01.57039","2018-12-23 13:39:01.57039","Treasure Island - 2","2018-07-18"
1640,11,"180718-11","pH","7.24","pH",7,18,2018,"2018-12-23 13:39:01.585319","2018-12-23 13:39:01.585319","Treasure Island - 2","2018-07-18"
1641,11,"180718-11","Dissolved Oxygen","7.1","mg/L",7,18,2018,"2018-12-23 13:39:01.590756","2018-12-23 13:39:01.590756","Treasure Island - 2","2018-07-18"
1646,12,"180718-12","Phosphorus","0.01","mg/L",7,18,2018,"2018-12-23 13:39:01.634855","2018-12-23 13:39:01.634855","Kennedy Beach","2018-07-18"
1648,12,"180718-12","Nitrogen (Nitrite)","0.005","mg/L",7,18,2018,"2018-12-23 13:39:01.711598","2018-12-23 13:39:01.711598","Kennedy Beach","2018-07-18"
1649,12,"180718-12","Beach Plate Count; MPN","285","colonies/100mL",7,18,2018,"2018-12-23 13:39:01.720388","2018-12-23 13:39:01.720388","Kennedy Beach","2018-07-18"
1650,12,"180718-12","Beach Plate Count; e-coli","<1","colonies/100mL",7,18,2018,"2018-12-23 13:39:01.724285","2018-12-23 13:39:01.724285","Kennedy Beach","2018-07-18"
1651,12,"180718-12","pH","7.17","pH",7,18,2018,"2018-12-23 13:39:01.733793","2018-12-23 13:39:01.733793","Kennedy Beach","2018-07-18"
1652,12,"180718-12","Dissolved Oxygen","6.8","mg/L",7,18,2018,"2018-12-23 13:39:01.741463","2018-12-23 13:39:01.741463","Kennedy Beach","2018-07-18"
1653,12,"180718-12","Total Dissolved Solids","0.002","percent",7,18,2018,"2018-12-23 13:39:01.746064","2018-12-23 13:39:01.746064","Kennedy Beach","2018-07-18"
1654,12,"180718-12","Water Temperature","21","degrees Centigrade",7,18,2018,"2018-12-23 13:39:01.750035","2018-12-23 13:39:01.750035","Kennedy Beach","2018-07-18"
1655,12,"180718-12","Air Temperature","14.4","degrees Centigrade",7,18,2018,"2018-12-23 13:39:01.763353","2018-12-23 13:39:01.763353","Kennedy Beach","2018-07-18"
1656,12,"180718-12","Conductivity","272","uS/cM",7,18,2018,"2018-12-23 13:39:01.768239","2018-12-23 13:39:01.768239","Kennedy Beach","2018-07-18"
1657,13,"180717-17","Phosphorus","0.01","mg/L",7,17,2018,"2018-12-23 13:39:01.777586","2018-12-23 13:39:01.777586","Flag Point","2018-07-17"
1659,13,"180717-17","Nitrogen (Nitrite)","0.005","mg/L",7,17,2018,"2018-12-23 13:39:01.784142","2018-12-23 13:39:01.784142","Flag Point","2018-07-17"
1660,13,"180717-17","Beach Plate Count; MPN","397","colonies/100mL",7,17,2018,"2018-12-23 13:39:01.787341","2018-12-23 13:39:01.787341","Flag Point","2018-07-17"
1661,13,"180717-17","Beach Plate Count; e-coli","1","colonies/100mL",7,17,2018,"2018-12-23 13:39:01.796126","2018-12-23 13:39:01.796126","Flag Point","2018-07-17"
1662,13,"180717-17","pH","8","pH",7,17,2018,"2018-12-23 13:39:01.799699","2018-12-23 13:39:01.799699","Flag Point","2018-07-17"
1663,13,"180717-17","Dissolved Oxygen","3.8","mg/L",7,17,2018,"2018-12-23 13:39:01.807934","2018-12-23 13:39:01.807934","Flag Point","2018-07-17"
1664,13,"180717-17","Total Dissolved Solids","0.002","percent",7,17,2018,"2018-12-23 13:39:01.810864","2018-12-23 13:39:01.810864","Flag Point","2018-07-17"
1665,13,"180717-17","Water Temperature","20.5","degrees Centigrade",7,17,2018,"2018-12-23 13:39:01.814496","2018-12-23 13:39:01.814496","Flag Point","2018-07-17"
1666,13,"180717-17","Air Temperature","13.9","degrees Centigrade",7,17,2018,"2018-12-23 13:39:01.82366","2018-12-23 13:39:01.82366","Flag Point","2018-07-17"
1667,13,"180717-17","Conductivity","283","uS/cM",7,17,2018,"2018-12-23 13:39:01.826703","2018-12-23 13:39:01.826703","Flag Point","2018-07-17"
1636,11,"180718-11","Nitrogen (Nitrate)","0.092","mg/L",7,18,2018,"2018-12-23 13:39:01.552451","2018-12-23 13:39:01.552451","Treasure Island - 2","2018-07-18"
1647,12,"180718-12","Nitrogen (Nitrate)","0.104","mg/L",7,18,2018,"2018-12-23 13:39:01.681074","2018-12-23 13:39:01.681074","Kennedy Beach","2018-07-18"
1658,13,"180717-17","Nitrogen (Nitrate)","0.105","mg/L",7,17,2018,"2018-12-23 13:39:01.78078","2018-12-23 13:39:01.78078","Flag Point","2018-07-17"
1701,4,"181023-2","Phosphorus","0.2","mg/L",10,23,2018,"2018-12-23 13:39:19.967464","2018-12-23 13:39:19.967464","Sam-O-Set","2018-10-23"
1702,4,"181023-2","Nitrogen (Nitrate)","0.029","mg/L",10,23,2018,"2018-12-23 13:39:19.974698","2018-12-23 13:39:19.974698","Sam-O-Set","2018-10-23"
1703,4,"181023-2","Nitrogen (Nitrite)","0.001","mg/L",10,23,2018,"2018-12-23 13:39:19.977272","2018-12-23 13:39:19.977272","Sam-O-Set","2018-10-23"
1704,4,"181023-2","Beach Plate Count; MPN","31.9","colonies/100mL",10,23,2018,"2018-12-23 13:39:19.979673","2018-12-23 13:39:19.979673","Sam-O-Set","2018-10-23"
1705,4,"181023-2","Beach Plate Count; e-coli","1","colonies/100mL",10,23,2018,"2018-12-23 13:39:19.981733","2018-12-23 13:39:19.981733","Sam-O-Set","2018-10-23"
1706,4,"181023-2","pH","7.4","pH",10,23,2018,"2018-12-23 13:39:19.983698","2018-12-23 13:39:19.983698","Sam-O-Set","2018-10-23"
1712,5,"181023-4","Phosphorus","0.24","mg/L",10,23,2018,"2018-12-23 13:39:19.997122","2018-12-23 13:39:19.997122","DNR boat launch","2018-10-23"
1713,5,"181023-4","Nitrogen (Nitrate)","0.048","mg/L",10,23,2018,"2018-12-23 13:39:19.99914","2018-12-23 13:39:19.99914","DNR boat launch","2018-10-23"
1714,5,"181023-4","Nitrogen (Nitrite)","N.D.","mg/L",10,23,2018,"2018-12-23 13:39:20.001202","2018-12-23 13:39:20.001202","DNR boat launch","2018-10-23"
1715,5,"181023-4","Beach Plate Count; MPN","36.8","colonies/100mL",10,23,2018,"2018-12-23 13:39:20.003555","2018-12-23 13:39:20.003555","DNR boat launch","2018-10-23"
1716,5,"181023-4","Beach Plate Count; e-coli","2","colonies/100mL",10,23,2018,"2018-12-23 13:39:20.00616","2018-12-23 13:39:20.00616","DNR boat launch","2018-10-23"
1717,5,"181023-4","pH","7.39","pH",10,23,2018,"2018-12-23 13:39:20.008396","2018-12-23 13:39:20.008396","DNR boat launch","2018-10-23"
1718,5,"181023-4","Dissolved Oxygen","12","mg/L",10,23,2018,"2018-12-23 13:39:20.01076","2018-12-23 13:39:20.01076","DNR boat launch","2018-10-23"
1719,5,"181023-4","Total Dissolved Solids","0.003","percent",10,23,2018,"2018-12-23 13:39:20.013058","2018-12-23 13:39:20.013058","DNR boat launch","2018-10-23"
1720,5,"181023-4","Water Temperature","8.8","degrees Centigrade",10,23,2018,"2018-12-23 13:39:20.015279","2018-12-23 13:39:20.015279","DNR boat launch","2018-10-23"
1721,5,"181023-4","Air Temperature","1","degrees Centigrade",10,23,2018,"2018-12-23 13:39:20.017438","2018-12-23 13:39:20.017438","DNR boat launch","2018-10-23"
1723,6,"181023-3","Phosphorus","0.17","mg/L",10,23,2018,"2018-12-23 13:39:20.02168","2018-12-23 13:39:20.02168","Gold Coast","2018-10-23"
1724,6,"181023-3","Nitrogen (Nitrate)","0.16","mg/L",10,23,2018,"2018-12-23 13:39:20.023859","2018-12-23 13:39:20.023859","Gold Coast","2018-10-23"
1725,6,"181023-3","Nitrogen (Nitrite)","0.002","mg/L",10,23,2018,"2018-12-23 13:39:20.026116","2018-12-23 13:39:20.026116","Gold Coast","2018-10-23"
1726,6,"181023-3","Beach Plate Count; MPN","47.3","colonies/100mL",10,23,2018,"2018-12-23 13:39:20.028766","2018-12-23 13:39:20.028766","Gold Coast","2018-10-23"
1727,6,"181023-3","Beach Plate Count; e-coli","3","colonies/100mL",10,23,2018,"2018-12-23 13:39:20.031177","2018-12-23 13:39:20.031177","Gold Coast","2018-10-23"
1728,6,"181023-3","pH","7.31","pH",10,23,2018,"2018-12-23 13:39:20.033315","2018-12-23 13:39:20.033315","Gold Coast","2018-10-23"
1729,6,"181023-3","Dissolved Oxygen","12.4","mg/L",10,23,2018,"2018-12-23 13:39:20.035661","2018-12-23 13:39:20.035661","Gold Coast","2018-10-23"
1730,6,"181023-3","Total Dissolved Solids","0.007","percent",10,23,2018,"2018-12-23 13:39:20.037993","2018-12-23 13:39:20.037993","Gold Coast","2018-10-23"
1731,6,"181023-3","Water Temperature","8.2","degrees Centigrade",10,23,2018,"2018-12-23 13:39:20.040323","2018-12-23 13:39:20.040323","Gold Coast","2018-10-23"
1732,6,"181023-3","Air Temperature","1","degrees Centigrade",10,23,2018,"2018-12-23 13:39:20.042605","2018-12-23 13:39:20.042605","Gold Coast","2018-10-23"
1734,7,"181024-3","Phosphorus","0.83","mg/L",10,24,2018,"2018-12-23 13:39:20.06741","2018-12-23 13:39:20.06741","North State Park","2018-10-24"
1735,7,"181024-3","Nitrogen (Nitrate)","0.044","mg/L",10,24,2018,"2018-12-23 13:39:20.077259","2018-12-23 13:39:20.077259","North State Park","2018-10-24"
1736,7,"181024-3","Nitrogen (Nitrite)","0.001","mg/L",10,24,2018,"2018-12-23 13:39:20.086536","2018-12-23 13:39:20.086536","North State Park","2018-10-24"
1737,7,"181024-3","Beach Plate Count; MPN","43","colonies/100mL",10,24,2018,"2018-12-23 13:39:20.123481","2018-12-23 13:39:20.123481","North State Park","2018-10-24"
1738,7,"181024-3","Beach Plate Count; e-coli","2","colonies/100mL",10,24,2018,"2018-12-23 13:39:20.156491","2018-12-23 13:39:20.156491","North State Park","2018-10-24"
1739,7,"181024-3","pH","7.15","pH",10,24,2018,"2018-12-23 13:39:20.159404","2018-12-23 13:39:20.159404","North State Park","2018-10-24"
1740,7,"181024-3","Dissolved Oxygen","11.4","mg/L",10,24,2018,"2018-12-23 13:39:20.206009","2018-12-23 13:39:20.206009","North State Park","2018-10-24"
1741,7,"181024-3","Total Dissolved Solids","0.002","percent",10,24,2018,"2018-12-23 13:39:20.210862","2018-12-23 13:39:20.210862","North State Park","2018-10-24"
1742,7,"181024-3","Water Temperature","6.7","degrees Centigrade",10,24,2018,"2018-12-23 13:39:20.258081","2018-12-23 13:39:20.258081","North State Park","2018-10-24"
1743,7,"181024-3","Air Temperature","1.2","degrees Centigrade",10,24,2018,"2018-12-23 13:39:20.266074","2018-12-23 13:39:20.266074","North State Park","2018-10-24"
1745,8,"181024-1","Phosphorus","0.26","mg/L",10,24,2018,"2018-12-23 13:39:20.271391","2018-12-23 13:39:20.271391","B&B Marina","2018-10-24"
1746,8,"181024-1","Nitrogen (Nitrate)","0.187","mg/L",10,24,2018,"2018-12-23 13:39:20.274051","2018-12-23 13:39:20.274051","B&B Marina","2018-10-24"
1747,8,"181024-1","Nitrogen (Nitrite)","0.001","mg/L",10,24,2018,"2018-12-23 13:39:20.289921","2018-12-23 13:39:20.289921","B&B Marina","2018-10-24"
1748,8,"181024-1","Beach Plate Count; MPN","70","colonies/100mL",10,24,2018,"2018-12-23 13:39:20.292825","2018-12-23 13:39:20.292825","B&B Marina","2018-10-24"
1749,8,"181024-1","Beach Plate Count; e-coli","3","colonies/100mL",10,24,2018,"2018-12-23 13:39:20.297304","2018-12-23 13:39:20.297304","B&B Marina","2018-10-24"
1750,8,"181024-1","pH","7.56","pH",10,24,2018,"2018-12-23 13:39:20.300833","2018-12-23 13:39:20.300833","B&B Marina","2018-10-24"
1751,8,"181024-1","Dissolved Oxygen","11.2","mg/L",10,24,2018,"2018-12-23 13:39:20.304014","2018-12-23 13:39:20.304014","B&B Marina","2018-10-24"
1752,8,"181024-1","Total Dissolved Solids","0.001","percent",10,24,2018,"2018-12-23 13:39:20.307682","2018-12-23 13:39:20.307682","B&B Marina","2018-10-24"
1753,8,"181024-1","Water Temperature","6.7","degrees Centigrade",10,24,2018,"2018-12-23 13:39:20.31037","2018-12-23 13:39:20.31037","B&B Marina","2018-10-24"
1754,8,"181024-1","Air Temperature","1.2","degrees Centigrade",10,24,2018,"2018-12-23 13:39:20.313159","2018-12-23 13:39:20.313159","B&B Marina","2018-10-24"
1755,8,"181024-1","Conductivity","362","uS/cM",10,24,2018,"2018-12-23 13:39:20.315344","2018-12-23 13:39:20.315344","B&B Marina","2018-10-24"
1756,9,"181024-2","Phosphorus","0.22","mg/L",10,24,2018,"2018-12-23 13:39:20.317522","2018-12-23 13:39:20.317522","Camp Carmine","2018-10-24"
1757,9,"181024-2","Nitrogen (Nitrate)","0.206","mg/L",10,24,2018,"2018-12-23 13:39:20.320296","2018-12-23 13:39:20.320296","Camp Carmine","2018-10-24"
1758,9,"181024-2","Nitrogen (Nitrite)","N.D.","mg/L",10,24,2018,"2018-12-23 13:39:20.322978","2018-12-23 13:39:20.322978","Camp Carmine","2018-10-24"
1525,1,"180720-4","Phosphorus","0","mg/L",7,20,2018,"2018-12-23 13:39:00.199263","2018-12-23 13:39:00.199263","Gerrish Township Marina","2018-07-20"
1527,1,"180720-4","Nitrogen (Nitrite)","0.001","mg/L",7,20,2018,"2018-12-23 13:39:00.631462","2018-12-23 13:39:00.631462","Gerrish Township Marina","2018-07-20"
1528,1,"180720-4","Beach Plate Count; MPN","579","colonies/100mL",7,20,2018,"2018-12-23 13:39:00.633876","2018-12-23 13:39:00.633876","Gerrish Township Marina","2018-07-20"
1529,1,"180720-4","Beach Plate Count; e-coli","<1","colonies/100mL",7,20,2018,"2018-12-23 13:39:00.635974","2018-12-23 13:39:00.635974","Gerrish Township Marina","2018-07-20"
1530,1,"180720-4","pH","7.64","pH",7,20,2018,"2018-12-23 13:39:00.637984","2018-12-23 13:39:00.637984","Gerrish Township Marina","2018-07-20"
1531,1,"180720-4","Dissolved Oxygen","4","mg/L",7,20,2018,"2018-12-23 13:39:00.640238","2018-12-23 13:39:00.640238","Gerrish Township Marina","2018-07-20"
1532,1,"180720-4","Total Dissolved Solids","0.034","percent",7,20,2018,"2018-12-23 13:39:00.642445","2018-12-23 13:39:00.642445","Gerrish Township Marina","2018-07-20"
1533,1,"180720-4","Water Temperature","22.3","degrees Centigrade",7,20,2018,"2018-12-23 13:39:00.644775","2018-12-23 13:39:00.644775","Gerrish Township Marina","2018-07-20"
1534,1,"180720-4","Air Temperature","18.9","degrees Centigrade",7,20,2018,"2018-12-23 13:39:00.647438","2018-12-23 13:39:00.647438","Gerrish Township Marina","2018-07-20"
1767,10,"181019-1","Phosphorus","0.25","mg/L",10,19,2018,"2018-12-23 13:39:20.420118","2018-12-23 13:39:20.420118","Treasure Island - 1","2018-10-19"
1768,10,"181019-1","Nitrogen (Nitrate)","N.D.","mg/L",10,19,2018,"2018-12-23 13:39:20.422571","2018-12-23 13:39:20.422571","Treasure Island - 1","2018-10-19"
1769,10,"181019-1","Nitrogen (Nitrite)","N.D.","mg/L",10,19,2018,"2018-12-23 13:39:20.426066","2018-12-23 13:39:20.426066","Treasure Island - 1","2018-10-19"
1770,10,"181019-1","Beach Plate Count; MPN","1011","colonies/100mL",10,19,2018,"2018-12-23 13:39:20.429239","2018-12-23 13:39:20.429239","Treasure Island - 1","2018-10-19"
1771,10,"181019-1","Beach Plate Count; e-coli","1","colonies/100mL",10,19,2018,"2018-12-23 13:39:20.43198","2018-12-23 13:39:20.43198","Treasure Island - 1","2018-10-19"
1772,10,"181019-1","pH","8.45","pH",10,19,2018,"2018-12-23 13:39:20.434657","2018-12-23 13:39:20.434657","Treasure Island - 1","2018-10-19"
1773,10,"181019-1","Dissolved Oxygen","11.5","mg/L",10,19,2018,"2018-12-23 13:39:20.438462","2018-12-23 13:39:20.438462","Treasure Island - 1","2018-10-19"
1774,10,"181019-1","Total Dissolved Solids","0.0003","percent",10,19,2018,"2018-12-23 13:39:20.451286","2018-12-23 13:39:20.451286","Treasure Island - 1","2018-10-19"
1778,11,"181019-2","Phosphorus","0.47","mg/L",10,19,2018,"2018-12-23 13:39:20.466781","2018-12-23 13:39:20.466781","Treasure Island - 2","2018-10-19"
1779,11,"181019-2","Nitrogen (Nitrate)","N.D.","mg/L",10,19,2018,"2018-12-23 13:39:20.46967","2018-12-23 13:39:20.46967","Treasure Island - 2","2018-10-19"
1780,11,"181019-2","Nitrogen (Nitrite)","0.013","mg/L",10,19,2018,"2018-12-23 13:39:20.523617","2018-12-23 13:39:20.523617","Treasure Island - 2","2018-10-19"
1781,11,"181019-2","Beach Plate Count; MPN","1011","colonies/100mL",10,19,2018,"2018-12-23 13:39:20.537136","2018-12-23 13:39:20.537136","Treasure Island - 2","2018-10-19"
1782,11,"181019-2","Beach Plate Count; e-coli","1","colonies/100mL",10,19,2018,"2018-12-23 13:39:20.547997","2018-12-23 13:39:20.547997","Treasure Island - 2","2018-10-19"
1783,11,"181019-2","pH","8.39","pH",10,19,2018,"2018-12-23 13:39:20.550664","2018-12-23 13:39:20.550664","Treasure Island - 2","2018-10-19"
1784,11,"181019-2","Dissolved Oxygen","9.9","mg/L",10,19,2018,"2018-12-23 13:39:20.573464","2018-12-23 13:39:20.573464","Treasure Island - 2","2018-10-19"
1785,11,"181019-2","Total Dissolved Solids","0.006","percent",10,19,2018,"2018-12-23 13:39:20.576388","2018-12-23 13:39:20.576388","Treasure Island - 2","2018-10-19"
1786,11,"181019-2","Water Temperature","7.4","degrees Centigrade",10,19,2018,"2018-12-23 13:39:20.579843","2018-12-23 13:39:20.579843","Treasure Island - 2","2018-10-19"
1787,11,"181019-2","Air Temperature","7.2","degrees Centigrade",10,19,2018,"2018-12-23 13:39:20.584036","2018-12-23 13:39:20.584036","Treasure Island - 2","2018-10-19"
1789,12,"181019-3","Phosphorus","0.19","mg/L",10,19,2018,"2018-12-23 13:39:20.590481","2018-12-23 13:39:20.590481","Kennedy Beach","2018-10-19"
1790,12,"181019-3","Nitrogen (Nitrate)","N.D.","mg/L",10,19,2018,"2018-12-23 13:39:20.596468","2018-12-23 13:39:20.596468","Kennedy Beach","2018-10-19"
1791,12,"181019-3","Nitrogen (Nitrite)","0.19","mg/L",10,19,2018,"2018-12-23 13:39:20.610008","2018-12-23 13:39:20.610008","Kennedy Beach","2018-10-19"
1792,12,"181019-3","Beach Plate Count; MPN","91","colonies/100mL",10,19,2018,"2018-12-23 13:39:20.613865","2018-12-23 13:39:20.613865","Kennedy Beach","2018-10-19"
1793,12,"181019-3","Beach Plate Count; e-coli","1","colonies/100mL",10,19,2018,"2018-12-23 13:39:20.617407","2018-12-23 13:39:20.617407","Kennedy Beach","2018-10-19"
1794,12,"181019-3","pH","8.23","pH",10,19,2018,"2018-12-23 13:39:20.622215","2018-12-23 13:39:20.622215","Kennedy Beach","2018-10-19"
1795,12,"181019-3","Dissolved Oxygen","9.8","mg/L",10,19,2018,"2018-12-23 13:39:20.626534","2018-12-23 13:39:20.626534","Kennedy Beach","2018-10-19"
1796,12,"181019-3","Total Dissolved Solids","0.004","percent",10,19,2018,"2018-12-23 13:39:20.630528","2018-12-23 13:39:20.630528","Kennedy Beach","2018-10-19"
1797,12,"181019-3","Water Temperature","7.4","degrees Centigrade",10,19,2018,"2018-12-23 13:39:20.635468","2018-12-23 13:39:20.635468","Kennedy Beach","2018-10-19"
1798,12,"181019-3","Air Temperature","7.2","degrees Centigrade",10,19,2018,"2018-12-23 13:39:20.638304","2018-12-23 13:39:20.638304","Kennedy Beach","2018-10-19"
1800,13,"181019-4","Phosphorus","0.21","mg/L",10,19,2018,"2018-12-23 13:39:20.645001","2018-12-23 13:39:20.645001","Flag Point","2018-10-19"
1801,13,"181019-4","Nitrogen (Nitrate)","N.D.","mg/L",10,19,2018,"2018-12-23 13:39:20.653512","2018-12-23 13:39:20.653512","Flag Point","2018-10-19"
1802,13,"181019-4","Nitrogen (Nitrite)","0.027","mg/L",10,19,2018,"2018-12-23 13:39:20.659817","2018-12-23 13:39:20.659817","Flag Point","2018-10-19"
1803,13,"181019-4","Beach Plate Count; MPN","22","colonies/100mL",10,19,2018,"2018-12-23 13:39:20.6626","2018-12-23 13:39:20.6626","Flag Point","2018-10-19"
1804,13,"181019-4","Beach Plate Count; e-coli","1","colonies/100mL",10,19,2018,"2018-12-23 13:39:20.665243","2018-12-23 13:39:20.665243","Flag Point","2018-10-19"
1805,13,"181019-4","pH","8.16","pH",10,19,2018,"2018-12-23 13:39:20.667622","2018-12-23 13:39:20.667622","Flag Point","2018-10-19"
1806,13,"181019-4","Dissolved Oxygen","9.5","mg/L",10,19,2018,"2018-12-23 13:39:20.67027","2018-12-23 13:39:20.67027","Flag Point","2018-10-19"
1807,13,"181019-4","Total Dissolved Solids","0.012","percent",10,19,2018,"2018-12-23 13:39:20.672795","2018-12-23 13:39:20.672795","Flag Point","2018-10-19"
1808,13,"181019-4","Water Temperature","7.2","degrees Centigrade",10,19,2018,"2018-12-23 13:39:20.684908","2018-12-23 13:39:20.684908","Flag Point","2018-10-19"
1809,13,"181019-4","Air Temperature","7.2","degrees Centigrade",10,19,2018,"2018-12-23 13:39:20.689838","2018-12-23 13:39:20.689838","Flag Point","2018-10-19"
1526,1,"180720-4","Nitrogen (Nitrate)","0.081","mg/L",7,20,2018,"2018-12-23 13:39:00.612835","2018-12-23 13:39:00.612835","Gerrish Township Marina","2018-07-20"
1535,1,"180720-4","Conductivity","275","uS/cM",7,20,2018,"2018-12-23 13:39:00.649746","2018-12-23 13:39:00.649746","Gerrish Township Marina","2018-07-20"
1668,1,"181022-3","Phosphorus","0.4","mg/L",10,22,2018,"2018-12-23 13:39:19.840552","2018-12-23 13:39:19.840552","Gerrish Township Marina","2018-10-22"
1669,1,"181022-3","Nitrogen (Nitrate)","0","mg/L",10,22,2018,"2018-12-23 13:39:19.866713","2018-12-23 13:39:19.866713","Gerrish Township Marina","2018-10-22"
1670,1,"181022-3","Nitrogen (Nitrite)","N.D.","mg/L",10,22,2018,"2018-12-23 13:39:19.872573","2018-12-23 13:39:19.872573","Gerrish Township Marina","2018-10-22"
1671,1,"181022-3","Beach Plate Count; MPN","1011","colonies/100mL",10,22,2018,"2018-12-23 13:39:19.88685","2018-12-23 13:39:19.88685","Gerrish Township Marina","2018-10-22"
1672,1,"181022-3","Beach Plate Count; e-coli","0","colonies/100mL",10,22,2018,"2018-12-23 13:39:19.890584","2018-12-23 13:39:19.890584","Gerrish Township Marina","2018-10-22"
1673,1,"181022-3","pH","8.1","pH",10,22,2018,"2018-12-23 13:39:19.893225","2018-12-23 13:39:19.893225","Gerrish Township Marina","2018-10-22"
1674,1,"181022-3","Dissolved Oxygen","11.8","mg/L",10,22,2018,"2018-12-23 13:39:19.896125","2018-12-23 13:39:19.896125","Gerrish Township Marina","2018-10-22"
1675,1,"181022-3","Total Dissolved Solids","0.0041","percent",10,22,2018,"2018-12-23 13:39:19.899767","2018-12-23 13:39:19.899767","Gerrish Township Marina","2018-10-22"
1676,1,"181022-3","Water Temperature","4.7","degrees Centigrade",10,22,2018,"2018-12-23 13:39:19.901992","2018-12-23 13:39:19.901992","Gerrish Township Marina","2018-10-22"
1677,1,"181022-3","Air Temperature","-0.1","degrees Centigrade",10,22,2018,"2018-12-23 13:39:19.90415","2018-12-23 13:39:19.90415","Gerrish Township Marina","2018-10-22"
1678,1,"181022-3","Conductivity","281","uS/cM",10,22,2018,"2018-12-23 13:39:19.906843","2018-12-23 13:39:19.906843","Gerrish Township Marina","2018-10-22"
1546,2,"180720-3","Conductivity","292","uS/cM",7,20,2018,"2018-12-23 13:39:00.675875","2018-12-23 13:39:00.675875","South State Park","2018-07-20"
1689,2,"181022-2","Conductivity","278","uS/cM",10,22,2018,"2018-12-23 13:39:19.936526","2018-12-23 13:39:19.936526","South State Park","2018-10-22"
1553,3,"180720-2","Dissolved Oxygen","3.7","mg/L",7,20,2018,"2018-12-23 13:39:00.703198","2018-12-23 13:39:00.703198","Cut River","2018-07-20"
1554,3,"180720-2","Total Dissolved Solids","0.0011","percent",7,20,2018,"2018-12-23 13:39:00.705655","2018-12-23 13:39:00.705655","Cut River","2018-07-20"
1555,3,"180720-2","Water Temperature","23.2","degrees Centigrade",7,20,2018,"2018-12-23 13:39:00.708651","2018-12-23 13:39:00.708651","Cut River","2018-07-20"
1556,3,"180720-2","Air Temperature","19.4","degrees Centigrade",7,20,2018,"2018-12-23 13:39:00.71125","2018-12-23 13:39:00.71125","Cut River","2018-07-20"
1695,3,"181022-4","pH","7.94","pH",10,22,2018,"2018-12-23 13:39:19.950592","2018-12-23 13:39:19.950592","Cut River","2018-10-22"
1696,3,"181022-4","Dissolved Oxygen","10","mg/L",10,22,2018,"2018-12-23 13:39:19.955413","2018-12-23 13:39:19.955413","Cut River","2018-10-22"
1697,3,"181022-4","Total Dissolved Solids","0.0019","percent",10,22,2018,"2018-12-23 13:39:19.958325","2018-12-23 13:39:19.958325","Cut River","2018-10-22"
1698,3,"181022-4","Water Temperature","8.7","degrees Centigrade",10,22,2018,"2018-12-23 13:39:19.960704","2018-12-23 13:39:19.960704","Cut River","2018-10-22"
1699,3,"181022-4","Air Temperature","-0.1","degrees Centigrade",10,22,2018,"2018-12-23 13:39:19.963081","2018-12-23 13:39:19.963081","Cut River","2018-10-22"
1700,3,"181022-4","Conductivity","279","uS/cM",10,22,2018,"2018-12-23 13:39:19.965225","2018-12-23 13:39:19.965225","Cut River","2018-10-22"
1562,4,"180719-20","Beach Plate Count; e-coli","1","colonies/100mL",7,19,2018,"2018-12-23 13:39:00.739758","2018-12-23 13:39:00.739758","Sam-O-Set","2018-07-19"
1563,4,"180719-20","pH","7.74","pH",7,19,2018,"2018-12-23 13:39:00.811491","2018-12-23 13:39:00.811491","Sam-O-Set","2018-07-19"
1564,4,"180719-20","Dissolved Oxygen","4.1","mg/L",7,19,2018,"2018-12-23 13:39:00.824958","2018-12-23 13:39:00.824958","Sam-O-Set","2018-07-19"
1565,4,"180719-20","Total Dissolved Solids","0.0013","percent",7,19,2018,"2018-12-23 13:39:00.836586","2018-12-23 13:39:00.836586","Sam-O-Set","2018-07-19"
1566,4,"180719-20","Water Temperature","22.6","degrees Centigrade",7,19,2018,"2018-12-23 13:39:00.85788","2018-12-23 13:39:00.85788","Sam-O-Set","2018-07-19"
1567,4,"180719-20","Air Temperature","13.9","degrees Centigrade",7,19,2018,"2018-12-23 13:39:00.868611","2018-12-23 13:39:00.868611","Sam-O-Set","2018-07-19"
1568,4,"180719-20","Conductivity","2832.75","uS/cM",7,19,2018,"2018-12-23 13:39:00.873205","2018-12-23 13:39:00.873205","Sam-O-Set","2018-07-19"
1707,4,"181023-2","Dissolved Oxygen","12.4","mg/L",10,23,2018,"2018-12-23 13:39:19.985638","2018-12-23 13:39:19.985638","Sam-O-Set","2018-10-23"
1708,4,"181023-2","Total Dissolved Solids","0.0054","percent",10,23,2018,"2018-12-23 13:39:19.987934","2018-12-23 13:39:19.987934","Sam-O-Set","2018-10-23"
1709,4,"181023-2","Water Temperature","8.2","degrees Centigrade",10,23,2018,"2018-12-23 13:39:19.990421","2018-12-23 13:39:19.990421","Sam-O-Set","2018-10-23"
1710,4,"181023-2","Air Temperature","1","degrees Centigrade",10,23,2018,"2018-12-23 13:39:19.992672","2018-12-23 13:39:19.992672","Sam-O-Set","2018-10-23"
1711,4,"181023-2","Conductivity","316","uS/cM",10,23,2018,"2018-12-23 13:39:19.994674","2018-12-23 13:39:19.994674","Sam-O-Set","2018-10-23"
1579,5,"180719-18","Conductivity","283","uS/cM",7,19,2018,"2018-12-23 13:39:00.941565","2018-12-23 13:39:00.941565","DNR boat launch","2018-07-19"
1722,5,"181023-4","Conductivity","310","uS/cM",10,23,2018,"2018-12-23 13:39:20.019501","2018-12-23 13:39:20.019501","DNR boat launch","2018-10-23"
1588,6,"180719-19","Water Temperature","22.6","degrees Centigrade",7,19,2018,"2018-12-23 13:39:00.963521","2018-12-23 13:39:00.963521","Gold Coast","2018-07-19"
1589,6,"180719-19","Air Temperature","13.9","degrees Centigrade",7,19,2018,"2018-12-23 13:39:00.966044","2018-12-23 13:39:00.966044","Gold Coast","2018-07-19"
1590,6,"180719-19","Conductivity","283","uS/cM",7,19,2018,"2018-12-23 13:39:00.970932","2018-12-23 13:39:00.970932","Gold Coast","2018-07-19"
1733,6,"181023-3","Conductivity","332","uS/cM",10,23,2018,"2018-12-23 13:39:20.04928","2018-12-23 13:39:20.04928","Gold Coast","2018-10-23"
1594,7,"180718-7","Beach Plate Count; MPN","285","colonies/100mL",7,18,2018,"2018-12-23 13:39:01.086009","2018-12-23 13:39:01.086009","North State Park","2018-07-18"
1595,7,"180718-7","Beach Plate Count; e-coli","1","colonies/100mL",7,18,2018,"2018-12-23 13:39:01.111113","2018-12-23 13:39:01.111113","North State Park","2018-07-18"
1596,7,"180718-7","pH","7.93","pH",7,18,2018,"2018-12-23 13:39:01.123517","2018-12-23 13:39:01.123517","North State Park","2018-07-18"
1597,7,"180718-7","Dissolved Oxygen","6.6","mg/L",7,18,2018,"2018-12-23 13:39:01.133318","2018-12-23 13:39:01.133318","North State Park","2018-07-18"
1598,7,"180718-7","Total Dissolved Solids","0.001","percent",7,18,2018,"2018-12-23 13:39:01.141405","2018-12-23 13:39:01.141405","North State Park","2018-07-18"
1599,7,"180718-7","Water Temperature","19.8","degrees Centigrade",7,18,2018,"2018-12-23 13:39:01.146307","2018-12-23 13:39:01.146307","North State Park","2018-07-18"
1600,7,"180718-7","Air Temperature","10","degrees Centigrade",7,18,2018,"2018-12-23 13:39:01.150978","2018-12-23 13:39:01.150978","North State Park","2018-07-18"
1601,7,"180718-7","Conductivity","311","uS/cM",7,18,2018,"2018-12-23 13:39:01.16217","2018-12-23 13:39:01.16217","North State Park","2018-07-18"
1744,7,"181024-3","Conductivity","304","uS/cM",10,24,2018,"2018-12-23 13:39:20.26879","2018-12-23 13:39:20.26879","North State Park","2018-10-24"
1612,8,"180718-8","Conductivity","311","uS/cM",7,18,2018,"2018-12-23 13:39:01.262496","2018-12-23 13:39:01.262496","B&B Marina","2018-07-18"
1623,9,"180718-9","Conductivity","270","uS/cM",7,18,2018,"2018-12-23 13:39:01.344815","2018-12-23 13:39:01.344815","Camp Carmine","2018-07-18"
1759,9,"181024-2","Beach Plate Count; MPN","1011","colonies/100mL",10,24,2018,"2018-12-23 13:39:20.325903","2018-12-23 13:39:20.325903","Camp Carmine","2018-10-24"
1760,9,"181024-2","Beach Plate Count; e-coli","1","colonies/100mL",10,24,2018,"2018-12-23 13:39:20.333622","2018-12-23 13:39:20.333622","Camp Carmine","2018-10-24"
1761,9,"181024-2","pH","7.3","pH",10,24,2018,"2018-12-23 13:39:20.336357","2018-12-23 13:39:20.336357","Camp Carmine","2018-10-24"
1762,9,"181024-2","Dissolved Oxygen","12.8","mg/L",10,24,2018,"2018-12-23 13:39:20.341168","2018-12-23 13:39:20.341168","Camp Carmine","2018-10-24"
1763,9,"181024-2","Total Dissolved Solids","0.004","percent",10,24,2018,"2018-12-23 13:39:20.343877","2018-12-23 13:39:20.343877","Camp Carmine","2018-10-24"
1764,9,"181024-2","Water Temperature","7.6","degrees Centigrade",10,24,2018,"2018-12-23 13:39:20.41023","2018-12-23 13:39:20.41023","Camp Carmine","2018-10-24"
1765,9,"181024-2","Air Temperature","1.3","degrees Centigrade",10,24,2018,"2018-12-23 13:39:20.414939","2018-12-23 13:39:20.414939","Camp Carmine","2018-10-24"
1766,9,"181024-2","Conductivity","323","uS/cM",10,24,2018,"2018-12-23 13:39:20.417608","2018-12-23 13:39:20.417608","Camp Carmine","2018-10-24"
1624,10,"180718-10","Phosphorus","n.d.","mg/L",7,18,2018,"2018-12-23 13:39:01.347863","2018-12-23 13:39:01.347863","Treasure Island - 1","2018-07-18"
1626,10,"180718-10","Nitrogen (Nitrite)","0.004","mg/L",7,18,2018,"2018-12-23 13:39:01.352715","2018-12-23 13:39:01.352715","Treasure Island - 1","2018-07-18"
1627,10,"180718-10","Beach Plate Count; MPN","378","colonies/100mL",7,18,2018,"2018-12-23 13:39:01.354817","2018-12-23 13:39:01.354817","Treasure Island - 1","2018-07-18"
1628,10,"180718-10","Beach Plate Count; e-coli","<1","colonies/100mL",7,18,2018,"2018-12-23 13:39:01.357422","2018-12-23 13:39:01.357422","Treasure Island - 1","2018-07-18"
1629,10,"180718-10","pH","7.33","pH",7,18,2018,"2018-12-23 13:39:01.367651","2018-12-23 13:39:01.367651","Treasure Island - 1","2018-07-18"
1630,10,"180718-10","Dissolved Oxygen","7","mg/L",7,18,2018,"2018-12-23 13:39:01.500066","2018-12-23 13:39:01.500066","Treasure Island - 1","2018-07-18"
1631,10,"180718-10","Total Dissolved Solids","0.0025","percent",7,18,2018,"2018-12-23 13:39:01.519612","2018-12-23 13:39:01.519612","Treasure Island - 1","2018-07-18"
1775,10,"181019-1","Water Temperature","5.2","degrees Centigrade",10,19,2018,"2018-12-23 13:39:20.457694","2018-12-23 13:39:20.457694","Treasure Island - 1","2018-10-19"
1776,10,"181019-1","Air Temperature","7.2","degrees Centigrade",10,19,2018,"2018-12-23 13:39:20.460976","2018-12-23 13:39:20.460976","Treasure Island - 1","2018-10-19"
1777,10,"181019-1","Conductivity","305","uS/cM",10,19,2018,"2018-12-23 13:39:20.463972","2018-12-23 13:39:20.463972","Treasure Island - 1","2018-10-19"
1642,11,"180718-11","Total Dissolved Solids","0.0018","percent",7,18,2018,"2018-12-23 13:39:01.594738","2018-12-23 13:39:01.594738","Treasure Island - 2","2018-07-18"
1643,11,"180718-11","Water Temperature","19.7","degrees Centigrade",7,18,2018,"2018-12-23 13:39:01.598693","2018-12-23 13:39:01.598693","Treasure Island - 2","2018-07-18"
1644,11,"180718-11","Air Temperature","13.9","degrees Centigrade",7,18,2018,"2018-12-23 13:39:01.602353","2018-12-23 13:39:01.602353","Treasure Island - 2","2018-07-18"
1645,11,"180718-11","Conductivity","272","uS/cM",7,18,2018,"2018-12-23 13:39:01.610354","2018-12-23 13:39:01.610354","Treasure Island - 2","2018-07-18"
1788,11,"181019-2","Conductivity","279","uS/cM",10,19,2018,"2018-12-23 13:39:20.587455","2018-12-23 13:39:20.587455","Treasure Island - 2","2018-10-19"
1799,12,"181019-3","Conductivity","284","uS/cM",10,19,2018,"2018-12-23 13:39:20.641288","2018-12-23 13:39:20.641288","Kennedy Beach","2018-10-19"
1810,13,"181019-4","Conductivity","285","uS/cM",10,19,2018,"2018-12-23 13:39:20.707042","2018-12-23 13:39:20.707042","Flag Point","2018-10-19"
1625,10,"180718-10","Nitrogen (Nitrate)","0.109","mg/L",7,18,2018,"2018-12-23 13:39:01.350392","2018-12-23 13:39:01.350392","Treasure Island - 1","2018-07-18"
